score,r2_1,r2_2,epochs,kernel_size,points,model_param1,model_param2,telescope,t_int,label,ps_bins_to_make,ps_bins_to_use
NA,NA,NA,NA,NA,NA,125,8,NA,NA,"testing optuna for PS xgb model",86,15,
0.5058248043060303,0.2441847324371338,0.7674648761749268,NA,NA,NA,50,4,NA,NA,"testing optuna for PS xgb model",439,19,
NA,NA,NA,NA,NA,NA,80,5,NA,NA,"testing optuna for PS xgb model",502,2,
NA,NA,NA,NA,NA,NA,200,9,NA,NA,"testing optuna for PS xgb model",180,4,
NA,NA,NA,NA,NA,NA,105,4,NA,NA,"testing optuna for PS xgb model",175,41,
NA,NA,NA,NA,NA,NA,90,3,NA,NA,"testing optuna for PS xgb model",638,58,
NA,NA,NA,NA,NA,NA,45,10,NA,NA,"testing optuna for PS xgb model",928,1,
NA,NA,NA,NA,NA,NA,200,5,NA,NA,"testing optuna for PS xgb model",219,1,
NA,NA,NA,NA,NA,NA,165,7,NA,NA,"testing optuna for PS xgb model",283,18,
NA,NA,NA,NA,NA,NA,25,3,NA,NA,"testing optuna for PS xgb model",24,8,
NA,NA,NA,NA,NA,NA,10,5,NA,NA,"testing optuna for PS xgb model",492,4,
NA,NA,NA,NA,NA,NA,75,5,NA,NA,"testing optuna for PS xgb model",478,3,
NA,NA,NA,NA,NA,NA,125,6,NA,NA,"testing optuna for PS xgb model",943,24,
NA,NA,NA,NA,NA,NA,45,4,NA,NA,"testing optuna for PS xgb model",1293,2,
NA,NA,NA,NA,NA,NA,70,4,NA,NA,"testing optuna for PS xgb model",307,9,
NA,NA,NA,NA,NA,NA,130,7,NA,NA,"testing optuna for PS xgb model",96,2,
NA,NA,NA,NA,NA,NA,95,3,NA,NA,"testing optuna for PS xgb model",397,96,
NA,NA,NA,NA,NA,NA,40,5,NA,NA,"testing optuna for PS xgb model",684,10,
NA,NA,NA,NA,NA,NA,15,6,NA,NA,"testing optuna for PS xgb model",113,28,
NA,NA,NA,NA,NA,NA,80,4,NA,NA,"testing optuna for PS xgb model",315,5,
NA,NA,NA,NA,NA,NA,10,5,NA,NA,"testing optuna for PS xgb model",537,2,
NA,NA,NA,NA,NA,NA,30,5,NA,NA,"testing optuna for PS xgb model",817,5,
NA,NA,NA,NA,NA,NA,55,4,NA,NA,"testing optuna for PS xgb model",412,3,
NA,NA,NA,NA,NA,NA,30,6,NA,NA,"testing optuna for PS xgb model",248,13,
NA,NA,NA,NA,NA,NA,65,7,NA,NA,"testing optuna for PS xgb model",1149,6,
NA,NA,NA,NA,NA,NA,10,5,NA,NA,"testing optuna for PS xgb model",564,3,
NA,NA,NA,NA,NA,NA,50,3,NA,NA,"testing optuna for PS xgb model",375,2,
NA,NA,NA,NA,NA,NA,25,4,NA,NA,"testing optuna for PS xgb model",32,36,
NA,NA,NA,NA,NA,NA,105,6,NA,NA,"testing optuna for PS xgb model",146,13,
NA,NA,NA,NA,NA,NA,155,8,NA,NA,"testing optuna for PS xgb model",763,18,
NA,NA,NA,NA,NA,NA,10,5,NA,NA,"testing optuna for PS xgb model",557,3,
NA,NA,NA,NA,NA,NA,35,5,NA,NA,"testing optuna for PS xgb model",469,3,
NA,NA,NA,NA,NA,NA,20,4,NA,NA,"testing optuna for PS xgb model",190,4,
NA,NA,NA,NA,NA,NA,110,8,NA,NA,"testing optuna for PS xgb model",651,7,
NA,NA,NA,NA,NA,NA,85,4,NA,NA,"testing optuna for PS xgb model",350,4,
NA,NA,NA,NA,NA,NA,55,5,NA,NA,"testing optuna for PS xgb model",1004,56,
NA,NA,NA,NA,NA,NA,40,10,NA,NA,"testing optuna for PS xgb model",66,4,
NA,NA,NA,NA,NA,NA,20,9,NA,NA,"testing optuna for PS xgb model",144,1,
NA,NA,NA,NA,NA,NA,95,3,NA,NA,"testing optuna for PS xgb model",235,6,
NA,NA,NA,NA,NA,NA,70,6,NA,NA,"testing optuna for PS xgb model",582,2,
NA,NA,NA,NA,NA,NA,10,5,NA,NA,"testing optuna for PS xgb model",486,3,
NA,NA,NA,NA,NA,NA,10,5,NA,NA,"testing optuna for PS xgb model",612,3,
NA,NA,NA,NA,NA,NA,35,6,NA,NA,"testing optuna for PS xgb model",424,1,
NA,NA,NA,NA,NA,NA,20,5,NA,NA,"testing optuna for PS xgb model",798,4,
NA,NA,NA,NA,NA,NA,185,4,NA,NA,"testing optuna for PS xgb model",272,2,
NA,NA,NA,NA,NA,NA,45,3,NA,NA,"testing optuna for PS xgb model",1098,11,
NA,NA,NA,NA,NA,NA,25,6,NA,NA,"testing optuna for PS xgb model",546,8,
NA,NA,NA,NA,NA,NA,55,7,NA,NA,"testing optuna for PS xgb model",195,5,
NA,NA,NA,NA,NA,NA,10,5,NA,NA,"testing optuna for PS xgb model",1346,17,
NA,NA,NA,NA,NA,NA,65,4,NA,NA,"testing optuna for PS xgb model",1277,25,
NA,NA,NA,NA,NA,NA,10,5,NA,NA,"testing optuna for PS xgb model",706,17,
NA,NA,NA,NA,NA,NA,20,5,NA,NA,"testing optuna for PS xgb model",897,15,
NA,NA,NA,NA,NA,NA,30,5,NA,NA,"testing optuna for PS xgb model",782,20,
NA,NA,NA,NA,NA,NA,15,4,NA,NA,"testing optuna for PS xgb model",697,31,
NA,NA,NA,NA,NA,NA,40,6,NA,NA,"testing optuna for PS xgb model",1357,53,
NA,NA,NA,NA,NA,NA,115,5,NA,NA,"testing optuna for PS xgb model",336,20,
NA,NA,NA,NA,NA,NA,15,4,NA,NA,"testing optuna for PS xgb model",467,45,
NA,NA,NA,NA,NA,NA,30,6,NA,NA,"testing optuna for PS xgb model",936,15,
NA,NA,NA,NA,NA,NA,80,5,NA,NA,"testing optuna for PS xgb model",1136,78,
NA,NA,NA,NA,NA,NA,45,3,NA,NA,"testing optuna for PS xgb model",680,11,
NA,NA,NA,NA,NA,NA,15,5,NA,NA,"testing optuna for PS xgb model",524,31,
NA,NA,NA,NA,NA,NA,10,5,NA,NA,"testing optuna for PS xgb model",415,6,
NA,NA,NA,NA,NA,NA,10,4,NA,NA,"testing optuna for PS xgb model",408,8,
NA,NA,NA,NA,NA,NA,25,4,NA,NA,"testing optuna for PS xgb model",391,9,
NA,NA,NA,NA,NA,NA,35,4,NA,NA,"testing optuna for PS xgb model",294,22,
NA,NA,NA,NA,NA,NA,15,4,NA,NA,"testing optuna for PS xgb model",257,16,
NA,NA,NA,NA,NA,NA,25,3,NA,NA,"testing optuna for PS xgb model",419,7,
NA,NA,NA,NA,NA,NA,10,5,NA,NA,"testing optuna for PS xgb model",330,12,
NA,NA,NA,NA,NA,NA,10,4,NA,NA,"testing optuna for PS xgb model",346,12,
NA,NA,NA,NA,NA,NA,150,4,NA,NA,"testing optuna for PS xgb model",204,12,
NA,NA,NA,NA,NA,NA,10,5,NA,NA,"testing optuna for PS xgb model",365,9,
NA,NA,NA,NA,NA,NA,15,4,NA,NA,"testing optuna for PS xgb model",346,9,
NA,NA,NA,NA,NA,NA,20,5,NA,NA,"testing optuna for PS xgb model",335,13,
NA,NA,NA,NA,NA,NA,25,4,NA,NA,"testing optuna for PS xgb model",311,16,
NA,NA,NA,NA,NA,NA,10,5,NA,NA,"testing optuna for PS xgb model",161,10,
NA,NA,NA,NA,NA,NA,35,4,NA,NA,"testing optuna for PS xgb model",228,18,
NA,NA,NA,NA,NA,NA,95,5,NA,NA,"testing optuna for PS xgb model",469,14,
NA,NA,NA,NA,NA,NA,50,3,NA,NA,"testing optuna for PS xgb model",279,8,
NA,NA,NA,NA,NA,NA,20,6,NA,NA,"testing optuna for PS xgb model",364,26,
NA,NA,NA,NA,NA,NA,10,3,NA,NA,"testing optuna for PS xgb model",726,11,
NA,NA,NA,NA,NA,NA,10,3,NA,NA,"testing optuna for PS xgb model",630,11,
NA,NA,NA,NA,NA,NA,30,3,NA,NA,"testing optuna for PS xgb model",733,12,
NA,NA,NA,NA,NA,NA,20,3,NA,NA,"testing optuna for PS xgb model",618,19,
NA,NA,NA,NA,NA,NA,15,3,NA,NA,"testing optuna for PS xgb model",837,23,
NA,NA,NA,NA,NA,NA,10,3,NA,NA,"testing optuna for PS xgb model",1023,11,
NA,NA,NA,NA,NA,NA,130,3,NA,NA,"testing optuna for PS xgb model",1049,10,
NA,NA,NA,NA,NA,NA,30,3,NA,NA,"testing optuna for PS xgb model",881,8,
NA,NA,NA,NA,NA,NA,40,3,NA,NA,"testing optuna for PS xgb model",1177,17,
NA,NA,NA,NA,NA,NA,25,3,NA,NA,"testing optuna for PS xgb model",1028,11,
NA,NA,NA,NA,NA,NA,90,3,NA,NA,"testing optuna for PS xgb model",654,14,
NA,NA,NA,NA,NA,NA,10,4,NA,NA,"testing optuna for PS xgb model",518,7,
NA,NA,NA,NA,NA,NA,15,4,NA,NA,"testing optuna for PS xgb model",593,12,
NA,NA,NA,NA,NA,NA,10,3,NA,NA,"testing optuna for PS xgb model",742,22,
NA,NA,NA,NA,NA,NA,20,3,NA,NA,"testing optuna for PS xgb model",717,21,
NA,NA,NA,NA,NA,NA,15,3,NA,NA,"testing optuna for PS xgb model",975,28,
NA,NA,NA,NA,NA,NA,75,3,NA,NA,"testing optuna for PS xgb model",827,14,
NA,NA,NA,NA,NA,NA,10,4,NA,NA,"testing optuna for PS xgb model",442,10,
NA,NA,NA,NA,NA,NA,60,3,NA,NA,"testing optuna for PS xgb model",454,17,
NA,NA,NA,NA,NA,NA,20,7,NA,NA,"testing optuna for PS xgb model",1247,32,
NA,NA,NA,NA,NA,NA,35,3,NA,NA,"testing optuna for PS xgb model",23,10,
NA,NA,NA,NA,NA,NA,10,4,NA,NA,"testing optuna for PS xgb model",33,6,
NA,NA,NA,NA,NA,NA,15,4,NA,NA,"testing optuna for PS xgb model",514,8,
NA,NA,NA,NA,NA,NA,20,4,NA,NA,"testing optuna for PS xgb model",745,40,
NA,NA,NA,NA,NA,NA,10,4,NA,NA,"testing optuna for PS xgb model",567,15,
NA,NA,NA,NA,NA,NA,25,4,NA,NA,"testing optuna for PS xgb model",568,23,
NA,NA,NA,NA,NA,NA,10,3,NA,NA,"testing optuna for PS xgb model",636,19,
NA,NA,NA,NA,NA,NA,15,3,NA,NA,"testing optuna for PS xgb model",664,19,
NA,NA,NA,NA,NA,NA,20,9,NA,NA,"testing optuna for PS xgb model",925,15,
NA,NA,NA,NA,NA,NA,30,3,NA,NA,"testing optuna for PS xgb model",625,26,
NA,NA,NA,NA,NA,NA,25,3,NA,NA,"testing optuna for PS xgb model",835,21,
NA,NA,NA,NA,NA,NA,10,3,NA,NA,"testing optuna for PS xgb model",449,13,
NA,NA,NA,NA,NA,NA,10,4,NA,NA,"testing optuna for PS xgb model",553,16,
NA,NA,NA,NA,NA,NA,15,3,NA,NA,"testing optuna for PS xgb model",560,16,
NA,NA,NA,NA,NA,NA,15,4,NA,NA,"testing optuna for PS xgb model",1381,17,
NA,NA,NA,NA,NA,NA,10,3,NA,NA,"testing optuna for PS xgb model",698,11,
NA,NA,NA,NA,NA,NA,115,3,NA,NA,"testing optuna for PS xgb model",777,19,
NA,NA,NA,NA,NA,NA,25,3,NA,NA,"testing optuna for PS xgb model",701,14,
NA,NA,NA,NA,NA,NA,20,3,NA,NA,"testing optuna for PS xgb model",500,28,
NA,NA,NA,NA,NA,NA,10,3,NA,NA,"testing optuna for PS xgb model",607,11,
NA,NA,NA,NA,NA,NA,10,3,NA,NA,"testing optuna for PS xgb model",878,24,
NA,NA,NA,NA,NA,NA,10,3,NA,NA,"testing optuna for PS xgb model",897,21,
NA,NA,NA,NA,NA,NA,100,3,NA,NA,"testing optuna for PS xgb model",1064,34,
NA,NA,NA,NA,NA,NA,15,3,NA,NA,"testing optuna for PS xgb model",869,24,
NA,NA,NA,NA,NA,NA,15,3,NA,NA,"testing optuna for PS xgb model",995,21,
NA,NA,NA,NA,NA,NA,10,3,NA,NA,"testing optuna for PS xgb model",782,18,
NA,NA,NA,NA,NA,NA,20,3,NA,NA,"testing optuna for PS xgb model",945,25,
NA,NA,NA,NA,NA,NA,10,4,NA,NA,"testing optuna for PS xgb model",1119,16,
NA,NA,NA,NA,NA,NA,15,4,NA,NA,"testing optuna for PS xgb model",1191,17,
NA,NA,NA,NA,NA,NA,30,4,NA,NA,"testing optuna for PS xgb model",1128,15,
NA,NA,NA,NA,NA,NA,25,4,NA,NA,"testing optuna for PS xgb model",898,29,
NA,NA,NA,NA,NA,NA,10,3,NA,NA,"testing optuna for PS xgb model",777,23,
NA,NA,NA,NA,NA,NA,20,5,NA,NA,"testing optuna for PS xgb model",769,22,
NA,NA,NA,NA,NA,NA,10,6,NA,NA,"testing optuna for PS xgb model",1257,20,
NA,NA,NA,NA,NA,NA,15,6,NA,NA,"testing optuna for PS xgb model",1265,38,
NA,NA,NA,NA,NA,NA,10,6,NA,NA,"testing optuna for PS xgb model",1175,25,
NA,NA,NA,NA,NA,NA,20,6,NA,NA,"testing optuna for PS xgb model",1073,24,
NA,NA,NA,NA,NA,NA,15,6,NA,NA,"testing optuna for PS xgb model",1223,27,
NA,NA,NA,NA,NA,NA,10,6,NA,NA,"testing optuna for PS xgb model",1343,21,
NA,NA,NA,NA,NA,NA,50,7,NA,NA,"testing optuna for PS xgb model",1365,31,
NA,NA,NA,NA,NA,NA,190,6,NA,NA,"testing optuna for PS xgb model",1172,21,
NA,NA,NA,NA,NA,NA,10,6,NA,NA,"testing optuna for PS xgb model",986,18,
NA,NA,NA,NA,NA,NA,15,6,NA,NA,"testing optuna for PS xgb model",999,20,
NA,NA,NA,NA,NA,NA,10,6,NA,NA,"testing optuna for PS xgb model",1103,24,
NA,NA,NA,NA,NA,NA,70,6,NA,NA,"testing optuna for PS xgb model",1293,25,
NA,NA,NA,NA,NA,NA,20,6,NA,NA,"testing optuna for PS xgb model",1212,46,
NA,NA,NA,NA,NA,NA,10,6,NA,NA,"testing optuna for PS xgb model",1123,34,
NA,NA,NA,NA,NA,NA,85,6,NA,NA,"testing optuna for PS xgb model",1132,32,
NA,NA,NA,NA,NA,NA,25,7,NA,NA,"testing optuna for PS xgb model",945,45,
NA,NA,NA,NA,NA,NA,10,6,NA,NA,"testing optuna for PS xgb model",1091,35,
NA,NA,NA,NA,NA,NA,15,6,NA,NA,"testing optuna for PS xgb model",1086,35,
NA,NA,NA,NA,NA,NA,10,6,NA,NA,"testing optuna for PS xgb model",1323,23,
NA,NA,NA,NA,NA,NA,10,6,NA,NA,"testing optuna for PS xgb model",1365,29,
NA,NA,NA,NA,NA,NA,15,6,NA,NA,"testing optuna for PS xgb model",1366,29,
NA,NA,NA,NA,NA,NA,20,6,NA,NA,"testing optuna for PS xgb model",1227,24,
NA,NA,NA,NA,NA,NA,10,6,NA,NA,"testing optuna for PS xgb model",1081,36,
NA,NA,NA,NA,NA,NA,15,6,NA,NA,"testing optuna for PS xgb model",1306,42,
NA,NA,NA,NA,NA,NA,20,6,NA,NA,"testing optuna for PS xgb model",1013,71,
NA,NA,NA,NA,NA,NA,10,7,NA,NA,"testing optuna for PS xgb model",1380,50,
NA,NA,NA,NA,NA,NA,145,7,NA,NA,"testing optuna for PS xgb model",1274,49,
NA,NA,NA,NA,NA,NA,10,7,NA,NA,"testing optuna for PS xgb model",1157,38,
NA,NA,NA,NA,NA,NA,10,7,NA,NA,"testing optuna for PS xgb model",1367,37,
NA,NA,NA,NA,NA,NA,15,7,NA,NA,"testing optuna for PS xgb model",1162,60,
NA,NA,NA,NA,NA,NA,10,7,NA,NA,"testing optuna for PS xgb model",1373,38,
NA,NA,NA,NA,NA,NA,15,7,NA,NA,"testing optuna for PS xgb model",1379,34,
NA,NA,NA,NA,NA,NA,10,8,NA,NA,"testing optuna for PS xgb model",1292,38,
NA,NA,NA,NA,NA,NA,20,7,NA,NA,"testing optuna for PS xgb model",1105,52,
NA,NA,NA,NA,NA,NA,60,7,NA,NA,"testing optuna for PS xgb model",1205,35,
NA,NA,NA,NA,NA,NA,10,7,NA,NA,"testing optuna for PS xgb model",1360,42,
NA,NA,NA,NA,NA,NA,15,6,NA,NA,"testing optuna for PS xgb model",1073,41,
NA,NA,NA,NA,NA,NA,25,6,NA,NA,"testing optuna for PS xgb model",118,63,
NA,NA,NA,NA,NA,NA,10,7,NA,NA,"testing optuna for PS xgb model",1356,39,
NA,NA,NA,NA,NA,NA,10,7,NA,NA,"testing optuna for PS xgb model",1378,49,
NA,NA,NA,NA,NA,NA,10,7,NA,NA,"testing optuna for PS xgb model",1228,42,
NA,NA,NA,NA,NA,NA,15,8,NA,NA,"testing optuna for PS xgb model",1206,42,
NA,NA,NA,NA,NA,NA,20,6,NA,NA,"testing optuna for PS xgb model",1148,31,
NA,NA,NA,NA,NA,NA,10,7,NA,NA,"testing optuna for PS xgb model",1022,37,
NA,NA,NA,NA,NA,NA,10,6,NA,NA,"testing optuna for PS xgb model",1257,28,
NA,NA,NA,NA,NA,NA,15,6,NA,NA,"testing optuna for PS xgb model",1239,27,
NA,NA,NA,NA,NA,NA,20,6,NA,NA,"testing optuna for PS xgb model",1091,31,
NA,NA,NA,NA,NA,NA,10,6,NA,NA,"testing optuna for PS xgb model",1236,28,
NA,NA,NA,NA,NA,NA,10,6,NA,NA,"testing optuna for PS xgb model",1238,28,
NA,NA,NA,NA,NA,NA,15,6,NA,NA,"testing optuna for PS xgb model",1233,30,
NA,NA,NA,NA,NA,NA,10,6,NA,NA,"testing optuna for PS xgb model",1145,27,
NA,NA,NA,NA,NA,NA,15,6,NA,NA,"testing optuna for PS xgb model",1144,28,
NA,NA,NA,NA,NA,NA,10,6,NA,NA,"testing optuna for PS xgb model",1054,34,
NA,NA,NA,NA,NA,NA,15,6,NA,NA,"testing optuna for PS xgb model",1044,34,
NA,NA,NA,NA,NA,NA,10,6,NA,NA,"testing optuna for PS xgb model",1187,28,
NA,NA,NA,NA,NA,NA,20,6,NA,NA,"testing optuna for PS xgb model",1185,27,
NA,NA,NA,NA,NA,NA,15,6,NA,NA,"testing optuna for PS xgb model",1246,26,
NA,NA,NA,NA,NA,NA,10,6,NA,NA,"testing optuna for PS xgb model",978,30,
NA,NA,NA,NA,NA,NA,10,6,NA,NA,"testing optuna for PS xgb model",1127,30,
NA,NA,NA,NA,NA,NA,15,6,NA,NA,"testing optuna for PS xgb model",1253,28,
NA,NA,NA,NA,NA,NA,10,6,NA,NA,"testing optuna for PS xgb model",966,32,
NA,NA,NA,NA,NA,NA,20,6,NA,NA,"testing optuna for PS xgb model",1116,33,
NA,NA,NA,NA,NA,NA,10,6,NA,NA,"testing optuna for PS xgb model",941,37,
NA,NA,NA,NA,NA,NA,15,6,NA,NA,"testing optuna for PS xgb model",1187,25,
NA,NA,NA,NA,NA,NA,10,6,NA,NA,"testing optuna for PS xgb model",1055,44,
NA,NA,NA,NA,NA,NA,10,6,NA,NA,"testing optuna for PS xgb model",80,33,
NA,NA,NA,NA,NA,NA,15,6,NA,NA,"testing optuna for PS xgb model",1250,26,
NA,NA,NA,NA,NA,NA,75,6,NA,NA,"testing optuna for PS xgb model",976,29,
NA,NA,NA,NA,NA,NA,10,6,NA,NA,"testing optuna for PS xgb model",1125,23,
NA,NA,NA,NA,NA,NA,10,6,NA,NA,"testing optuna for PS xgb model",1152,23,
NA,NA,NA,NA,NA,NA,20,6,NA,NA,"testing optuna for PS xgb model",1235,24,
NA,NA,NA,NA,NA,NA,15,6,NA,NA,"testing optuna for PS xgb model",1085,23,
NA,NA,NA,NA,NA,NA,10,6,NA,NA,"testing optuna for PS xgb model",1270,22,
NA,NA,NA,NA,NA,NA,15,6,NA,NA,"testing optuna for PS xgb model",1151,27,
NA,NA,NA,NA,NA,NA,20,6,NA,NA,"testing optuna for PS xgb model",1034,20,
NA,NA,NA,NA,NA,NA,10,6,NA,NA,"testing optuna for PS xgb model",1288,25,
NA,NA,NA,NA,NA,NA,65,6,NA,NA,"testing optuna for PS xgb model",48,32,
NA,NA,NA,NA,NA,NA,10,5,NA,NA,"testing optuna for PS xgb model",930,22,
NA,NA,NA,NA,NA,NA,10,6,NA,NA,"testing optuna for PS xgb model",1104,37,
NA,NA,NA,NA,NA,NA,10,6,NA,NA,"testing optuna for PS xgb model",1119,36,
NA,NA,NA,NA,NA,NA,15,6,NA,NA,"testing optuna for PS xgb model",1115,36,
NA,NA,NA,NA,NA,NA,10,6,NA,NA,"testing optuna for PS xgb model",1004,41,
NA,NA,NA,NA,NA,NA,15,6,NA,NA,"testing optuna for PS xgb model",1163,34,
NA,NA,NA,NA,NA,NA,10,6,NA,NA,"testing optuna for PS xgb model",1076,31,
NA,NA,NA,NA,NA,NA,125,6,NA,NA,"testing optuna for PS xgb model",899,27,
NA,NA,NA,NA,NA,NA,15,6,NA,NA,"testing optuna for PS xgb model",1040,31,
NA,NA,NA,NA,NA,NA,20,6,NA,NA,"testing optuna for PS xgb model",1260,24,
NA,NA,NA,NA,NA,NA,110,6,NA,NA,"testing optuna for PS xgb model",1184,19,
NA,NA,NA,NA,NA,NA,10,6,NA,NA,"testing optuna for PS xgb model",1075,38,
NA,NA,NA,NA,NA,NA,10,6,NA,NA,"testing optuna for PS xgb model",1121,45,
NA,NA,NA,NA,NA,NA,10,6,NA,NA,"testing optuna for PS xgb model",1268,48,
NA,NA,NA,NA,NA,NA,15,6,NA,NA,"testing optuna for PS xgb model",977,56,
NA,NA,NA,NA,NA,NA,10,6,NA,NA,"testing optuna for PS xgb model",1154,43,
NA,NA,NA,NA,NA,NA,15,6,NA,NA,"testing optuna for PS xgb model",1197,43,
NA,NA,NA,NA,NA,NA,10,5,NA,NA,"testing optuna for PS xgb model",1301,28,
NA,NA,NA,NA,NA,NA,15,6,NA,NA,"testing optuna for PS xgb model",1036,32,
NA,NA,NA,NA,NA,NA,10,6,NA,NA,"testing optuna for PS xgb model",1178,45,
NA,NA,NA,NA,NA,NA,15,6,NA,NA,"testing optuna for PS xgb model",1276,23,
NA,NA,NA,NA,NA,NA,10,6,NA,NA,"testing optuna for PS xgb model",1107,39,
NA,NA,NA,NA,NA,NA,10,6,NA,NA,"testing optuna for PS xgb model",1114,26,
NA,NA,NA,NA,NA,NA,10,6,NA,NA,"testing optuna for PS xgb model",953,26,
NA,NA,NA,NA,NA,NA,10,6,NA,NA,"testing optuna for PS xgb model",920,25,
NA,NA,NA,NA,NA,NA,15,6,NA,NA,"testing optuna for PS xgb model",825,26,
NA,NA,NA,NA,NA,NA,20,6,NA,NA,"testing optuna for PS xgb model",882,21,
NA,NA,NA,NA,NA,NA,15,6,NA,NA,"testing optuna for PS xgb model",947,24,
NA,NA,NA,NA,NA,NA,10,6,NA,NA,"testing optuna for PS xgb model",945,26,
NA,NA,NA,NA,NA,NA,10,5,NA,NA,"testing optuna for PS xgb model",844,30,
NA,NA,NA,NA,NA,NA,20,6,NA,NA,"testing optuna for PS xgb model",960,20,
NA,NA,NA,NA,NA,NA,10,6,NA,NA,"testing optuna for PS xgb model",1024,26,
NA,NA,NA,NA,NA,NA,10,6,NA,NA,"testing optuna for PS xgb model",1021,23,
NA,NA,NA,NA,NA,NA,15,6,NA,NA,"testing optuna for PS xgb model",936,22,
NA,NA,NA,NA,NA,NA,10,6,NA,NA,"testing optuna for PS xgb model",1008,5,
NA,NA,NA,NA,NA,NA,10,6,NA,NA,"testing optuna for PS xgb model",1061,23,
NA,NA,NA,NA,NA,NA,15,6,NA,NA,"testing optuna for PS xgb model",852,19,
NA,NA,NA,NA,NA,NA,10,6,NA,NA,"testing optuna for PS xgb model",923,23,
NA,NA,NA,NA,NA,NA,15,6,NA,NA,"testing optuna for PS xgb model",900,23,
NA,NA,NA,NA,NA,NA,10,6,NA,NA,"testing optuna for PS xgb model",984,25,
NA,NA,NA,NA,NA,NA,10,6,NA,NA,"testing optuna for PS xgb model",965,24,
NA,NA,NA,NA,NA,NA,15,6,NA,NA,"testing optuna for PS xgb model",922,25,
NA,NA,NA,NA,NA,NA,10,6,NA,NA,"testing optuna for PS xgb model",808,97,
NA,NA,NA,NA,NA,NA,85,6,NA,NA,"testing optuna for PS xgb model",991,23,
NA,NA,NA,NA,NA,NA,20,6,NA,NA,"testing optuna for PS xgb model",865,28,
NA,NA,NA,NA,NA,NA,15,6,NA,NA,"testing optuna for PS xgb model",984,26,
NA,NA,NA,NA,NA,NA,45,6,NA,NA,"testing optuna for PS xgb model",933,22,
NA,NA,NA,NA,NA,NA,10,7,NA,NA,"testing optuna for PS xgb model",1014,25,
NA,NA,NA,NA,NA,NA,15,6,NA,NA,"testing optuna for PS xgb model",1010,24,
NA,NA,NA,NA,NA,NA,10,7,NA,NA,"testing optuna for PS xgb model",869,21,
NA,NA,NA,NA,NA,NA,20,7,NA,NA,"testing optuna for PS xgb model",1053,26,
NA,NA,NA,NA,NA,NA,10,7,NA,NA,"testing optuna for PS xgb model",932,23,
NA,NA,NA,NA,NA,NA,25,7,NA,NA,"testing optuna for PS xgb model",821,23,
NA,NA,NA,NA,NA,NA,10,7,NA,NA,"testing optuna for PS xgb model",210,25,
NA,NA,NA,NA,NA,NA,15,6,NA,NA,"testing optuna for PS xgb model",930,20,
NA,NA,NA,NA,NA,NA,15,7,NA,NA,"testing optuna for PS xgb model",1004,29,
NA,NA,NA,NA,NA,NA,10,6,NA,NA,"testing optuna for PS xgb model",883,22,
NA,NA,NA,NA,NA,NA,100,6,NA,NA,"testing optuna for PS xgb model",894,26,
NA,NA,NA,NA,NA,NA,15,8,NA,NA,"testing optuna for PS xgb model",786,18,
NA,NA,NA,NA,NA,NA,10,6,NA,NA,"testing optuna for PS xgb model",1086,21,
NA,NA,NA,NA,NA,NA,10,6,NA,NA,"testing optuna for PS xgb model",248,21,
NA,NA,NA,NA,NA,NA,20,10,NA,NA,"testing optuna for PS xgb model",929,19,
NA,NA,NA,NA,NA,NA,15,6,NA,NA,"testing optuna for PS xgb model",171,22,
NA,NA,NA,NA,NA,NA,10,6,NA,NA,"testing optuna for PS xgb model",1079,25,
NA,NA,NA,NA,NA,NA,55,6,NA,NA,"testing optuna for PS xgb model",844,25,
NA,NA,NA,NA,NA,NA,15,6,NA,NA,"testing optuna for PS xgb model",1074,28,
NA,NA,NA,NA,NA,NA,10,6,NA,NA,"testing optuna for PS xgb model",963,22,
NA,NA,NA,NA,NA,NA,20,6,NA,NA,"testing optuna for PS xgb model",767,20,
NA,NA,NA,NA,NA,NA,10,6,NA,NA,"testing optuna for PS xgb model",889,23,
NA,NA,NA,NA,NA,NA,90,6,NA,NA,"testing optuna for PS xgb model",867,18,
NA,NA,NA,NA,NA,NA,140,5,NA,NA,"testing optuna for PS xgb model",953,23,
NA,NA,NA,NA,NA,NA,10,6,NA,NA,"testing optuna for PS xgb model",814,21,
NA,NA,NA,NA,NA,NA,70,6,NA,NA,"testing optuna for PS xgb model",919,24,
NA,NA,NA,NA,NA,NA,15,6,NA,NA,"testing optuna for PS xgb model",1045,22,
NA,NA,NA,NA,NA,NA,80,6,NA,NA,"testing optuna for PS xgb model",733,18,
NA,NA,NA,NA,NA,NA,10,6,NA,NA,"testing optuna for PS xgb model",1068,24,
NA,NA,NA,NA,NA,NA,15,6,NA,NA,"testing optuna for PS xgb model",138,21,
NA,NA,NA,NA,NA,NA,165,6,NA,NA,"testing optuna for PS xgb model",971,26,
NA,NA,NA,NA,NA,NA,25,5,NA,NA,"testing optuna for PS xgb model",892,20,
NA,NA,NA,NA,NA,NA,40,6,NA,NA,"testing optuna for PS xgb model",1088,29,
NA,NA,NA,NA,NA,NA,20,6,NA,NA,"testing optuna for PS xgb model",986,23,
NA,NA,NA,NA,NA,NA,10,6,NA,NA,"testing optuna for PS xgb model",832,26,
NA,NA,NA,NA,NA,NA,10,9,NA,NA,"testing optuna for PS xgb model",1090,22,
NA,NA,NA,NA,NA,NA,15,10,NA,NA,"testing optuna for PS xgb model",1128,19,
NA,NA,NA,NA,NA,NA,10,9,NA,NA,"testing optuna for PS xgb model",1084,29,
NA,NA,NA,NA,NA,NA,20,5,NA,NA,"testing optuna for PS xgb model",1017,1,
NA,NA,NA,NA,NA,NA,15,6,NA,NA,"testing optuna for PS xgb model",1168,17,
NA,NA,NA,NA,NA,NA,10,9,NA,NA,"testing optuna for PS xgb model",1015,25,
NA,NA,NA,NA,NA,NA,10,9,NA,NA,"testing optuna for PS xgb model",1108,21,
NA,NA,NA,NA,NA,NA,15,6,NA,NA,"testing optuna for PS xgb model",1128,21,
NA,NA,NA,NA,NA,NA,10,9,NA,NA,"testing optuna for PS xgb model",1184,19,
NA,NA,NA,NA,NA,NA,20,9,NA,NA,"testing optuna for PS xgb model",1089,27,
NA,NA,NA,NA,NA,NA,15,6,NA,NA,"testing optuna for PS xgb model",1058,22,
NA,NA,NA,NA,NA,NA,10,8,NA,NA,"testing optuna for PS xgb model",1224,17,
NA,NA,NA,NA,NA,NA,25,6,NA,NA,"testing optuna for PS xgb model",913,30,
NA,NA,NA,NA,NA,NA,10,9,NA,NA,"testing optuna for PS xgb model",381,22,
NA,NA,NA,NA,NA,NA,15,9,NA,NA,"testing optuna for PS xgb model",1164,20,
NA,NA,NA,NA,NA,NA,20,10,NA,NA,"testing optuna for PS xgb model",1003,25,
NA,NA,NA,NA,NA,NA,50,9,NA,NA,"testing optuna for PS xgb model",867,27,
NA,NA,NA,NA,NA,NA,10,6,NA,NA,"testing optuna for PS xgb model",1077,32,
NA,NA,NA,NA,NA,NA,15,6,NA,NA,"testing optuna for PS xgb model",31,23,
NA,NA,NA,NA,NA,NA,10,5,NA,NA,"testing optuna for PS xgb model",1213,19,
NA,NA,NA,NA,NA,NA,15,6,NA,NA,"testing optuna for PS xgb model",991,28,
NA,NA,NA,NA,NA,NA,10,6,NA,NA,"testing optuna for PS xgb model",1281,21,
NA,NA,NA,NA,NA,NA,20,6,NA,NA,"testing optuna for PS xgb model",1290,16,
NA,NA,NA,NA,NA,NA,15,6,NA,NA,"testing optuna for PS xgb model",769,20,
NA,NA,NA,NA,NA,NA,10,6,NA,NA,"testing optuna for PS xgb model",1381,25,
NA,NA,NA,NA,NA,NA,10,9,NA,NA,"testing optuna for PS xgb model",1090,22,
NA,NA,NA,NA,NA,NA,65,9,NA,NA,"testing optuna for PS xgb model",310,22,
NA,NA,NA,NA,NA,NA,15,5,NA,NA,"testing optuna for PS xgb model",1266,18,
NA,NA,NA,NA,NA,NA,120,9,NA,NA,"testing optuna for PS xgb model",1134,21,
NA,NA,NA,NA,NA,NA,10,9,NA,NA,"testing optuna for PS xgb model",1069,30,
NA,NA,NA,NA,NA,NA,15,9,NA,NA,"testing optuna for PS xgb model",1204,20,
NA,NA,NA,NA,NA,NA,20,9,NA,NA,"testing optuna for PS xgb model",1043,24,
NA,NA,NA,NA,NA,NA,10,9,NA,NA,"testing optuna for PS xgb model",1153,18,
NA,NA,NA,NA,NA,NA,15,6,NA,NA,"testing optuna for PS xgb model",1273,17,
NA,NA,NA,NA,NA,NA,10,8,NA,NA,"testing optuna for PS xgb model",1185,2,
NA,NA,NA,NA,NA,NA,25,6,NA,NA,"testing optuna for PS xgb model",1380,27,
NA,NA,NA,NA,NA,NA,15,6,NA,NA,"testing optuna for PS xgb model",940,18,
NA,NA,NA,NA,NA,NA,10,6,NA,NA,"testing optuna for PS xgb model",1013,32,
NA,NA,NA,NA,NA,NA,200,6,NA,NA,"testing optuna for PS xgb model",278,23,
NA,NA,NA,NA,NA,NA,20,6,NA,NA,"testing optuna for PS xgb model",1147,27,
NA,NA,NA,NA,NA,NA,15,6,NA,NA,"testing optuna for PS xgb model",1273,16,
NA,NA,NA,NA,NA,NA,10,6,NA,NA,"testing optuna for PS xgb model",867,19,
NA,NA,NA,NA,NA,NA,10,9,NA,NA,"testing optuna for PS xgb model",1077,24,
NA,NA,NA,NA,NA,NA,20,5,NA,NA,"testing optuna for PS xgb model",987,21,
NA,NA,NA,NA,NA,NA,30,6,NA,NA,"testing optuna for PS xgb model",1156,28,
NA,NA,NA,NA,NA,NA,10,6,NA,NA,"testing optuna for PS xgb model",819,25,
NA,NA,NA,NA,NA,NA,15,6,NA,NA,"testing optuna for PS xgb model",731,33,
NA,NA,NA,NA,NA,NA,10,6,NA,NA,"testing optuna for PS xgb model",670,22,
NA,NA,NA,NA,NA,NA,15,6,NA,NA,"testing optuna for PS xgb model",831,30,
NA,NA,NA,NA,NA,NA,10,6,NA,NA,"testing optuna for PS xgb model",906,25,
NA,NA,NA,NA,NA,NA,15,6,NA,NA,"testing optuna for PS xgb model",805,19,
NA,NA,NA,NA,NA,NA,95,6,NA,NA,"testing optuna for PS xgb model",1264,15,
NA,NA,NA,NA,NA,NA,10,6,NA,NA,"testing optuna for PS xgb model",187,21,
NA,NA,NA,NA,NA,NA,15,6,NA,NA,"testing optuna for PS xgb model",958,23,
NA,NA,NA,NA,NA,NA,170,6,NA,NA,"testing optuna for PS xgb model",1096,27,
NA,NA,NA,NA,NA,NA,20,6,NA,NA,"testing optuna for PS xgb model",1200,30,
NA,NA,NA,NA,NA,NA,10,6,NA,NA,"testing optuna for PS xgb model",890,25,
NA,NA,NA,NA,NA,NA,10,6,NA,NA,"testing optuna for PS xgb model",1023,18,
NA,NA,NA,NA,NA,NA,15,6,NA,NA,"testing optuna for PS xgb model",1268,34,
NA,NA,NA,NA,NA,NA,20,6,NA,NA,"testing optuna for PS xgb model",1120,22,
NA,NA,NA,NA,NA,NA,10,5,NA,NA,"testing optuna for PS xgb model",477,20,
NA,NA,NA,NA,NA,NA,10,6,NA,NA,"testing optuna for PS xgb model",69,28,
NA,NA,NA,NA,NA,NA,15,6,NA,NA,"testing optuna for PS xgb model",783,24,
NA,NA,NA,NA,NA,NA,10,6,NA,NA,"testing optuna for PS xgb model",958,6,
NA,NA,NA,NA,NA,NA,60,6,NA,NA,"testing optuna for PS xgb model",102,22,
NA,NA,NA,NA,NA,NA,20,9,NA,NA,"testing optuna for PS xgb model",1071,26,
NA,NA,NA,NA,NA,NA,35,6,NA,NA,"testing optuna for PS xgb model",1193,20,
NA,NA,NA,NA,NA,NA,15,6,NA,NA,"testing optuna for PS xgb model",1328,17,
NA,NA,NA,NA,NA,NA,10,6,NA,NA,"testing optuna for PS xgb model",842,32,
NA,NA,NA,NA,NA,NA,15,6,NA,NA,"testing optuna for PS xgb model",1377,29,
NA,NA,NA,NA,NA,NA,10,5,NA,NA,"testing optuna for PS xgb model",986,24,
NA,NA,NA,NA,NA,NA,45,6,NA,NA,"testing optuna for PS xgb model",1125,26,
NA,NA,NA,NA,NA,NA,80,6,NA,NA,"testing optuna for PS xgb model",899,5,
NA,NA,NA,NA,NA,NA,20,9,NA,NA,"testing optuna for PS xgb model",1030,84,
NA,NA,NA,NA,NA,NA,105,6,NA,NA,"testing optuna for PS xgb model",412,22,
NA,NA,NA,NA,NA,NA,15,6,NA,NA,"testing optuna for PS xgb model",688,19,
NA,NA,NA,NA,NA,NA,10,6,NA,NA,"testing optuna for PS xgb model",1203,29,
NA,NA,NA,NA,NA,NA,10,6,NA,NA,"testing optuna for PS xgb model",1106,23,
NA,NA,NA,NA,NA,NA,15,6,NA,NA,"testing optuna for PS xgb model",965,26,
NA,NA,NA,NA,NA,NA,10,5,NA,NA,"testing optuna for PS xgb model",1266,20,
NA,NA,NA,NA,NA,NA,20,6,NA,NA,"testing optuna for PS xgb model",1045,34,
NA,NA,NA,NA,NA,NA,75,6,NA,NA,"testing optuna for PS xgb model",888,18,
NA,NA,NA,NA,NA,NA,15,9,NA,NA,"testing optuna for PS xgb model",1187,3,
NA,NA,NA,NA,NA,NA,25,6,NA,NA,"testing optuna for PS xgb model",829,24,
NA,NA,NA,NA,NA,NA,10,6,NA,NA,"testing optuna for PS xgb model",1058,21,
NA,NA,NA,NA,NA,NA,15,10,NA,NA,"testing optuna for PS xgb model",53,2,
NA,NA,NA,NA,NA,NA,10,6,NA,NA,"testing optuna for PS xgb model",951,28,
NA,NA,NA,NA,NA,NA,20,6,NA,NA,"testing optuna for PS xgb model",1159,23,
NA,NA,NA,NA,NA,NA,10,6,NA,NA,"testing optuna for PS xgb model",1299,31,
NA,NA,NA,NA,NA,NA,15,6,NA,NA,"testing optuna for PS xgb model",737,26,
NA,NA,NA,NA,NA,NA,55,6,NA,NA,"testing optuna for PS xgb model",1088,14,
NA,NA,NA,NA,NA,NA,10,6,NA,NA,"testing optuna for PS xgb model",985,17,
NA,NA,NA,NA,NA,NA,15,5,NA,NA,"testing optuna for PS xgb model",891,21,
NA,NA,NA,NA,NA,NA,10,6,NA,NA,"testing optuna for PS xgb model",1226,24,
NA,NA,NA,NA,NA,NA,25,6,NA,NA,"testing optuna for PS xgb model",1377,27,
NA,NA,NA,NA,NA,NA,90,6,NA,NA,"testing optuna for PS xgb model",1145,19,
NA,NA,NA,NA,NA,NA,130,6,NA,NA,"testing optuna for PS xgb model",787,31,
NA,NA,NA,NA,NA,NA,20,6,NA,NA,"testing optuna for PS xgb model",1034,22,
NA,NA,NA,NA,NA,NA,10,6,NA,NA,"testing optuna for PS xgb model",953,25,
NA,NA,NA,NA,NA,NA,15,6,NA,NA,"testing optuna for PS xgb model",922,34,
NA,NA,NA,NA,NA,NA,10,9,NA,NA,"testing optuna for PS xgb model",855,29,
NA,NA,NA,NA,NA,NA,15,9,NA,NA,"testing optuna for PS xgb model",231,34,
NA,NA,NA,NA,NA,NA,10,9,NA,NA,"testing optuna for PS xgb model",610,30,
NA,NA,NA,NA,NA,NA,15,9,NA,NA,"testing optuna for PS xgb model",808,27,
NA,NA,NA,NA,NA,NA,20,9,NA,NA,"testing optuna for PS xgb model",865,29,
NA,NA,NA,NA,NA,NA,10,9,NA,NA,"testing optuna for PS xgb model",717,25,
NA,NA,NA,NA,NA,NA,15,9,NA,NA,"testing optuna for PS xgb model",1003,21,
NA,NA,NA,NA,NA,NA,10,8,NA,NA,"testing optuna for PS xgb model",863,24,
NA,NA,NA,NA,NA,NA,40,9,NA,NA,"testing optuna for PS xgb model",526,36,
NA,NA,NA,NA,NA,NA,110,9,NA,NA,"testing optuna for PS xgb model",775,19,
NA,NA,NA,NA,NA,NA,10,5,NA,NA,"testing optuna for PS xgb model",945,30,
NA,NA,NA,NA,NA,NA,20,9,NA,NA,"testing optuna for PS xgb model",1047,15,
NA,NA,NA,NA,NA,NA,15,6,NA,NA,"testing optuna for PS xgb model",1082,26,
NA,NA,NA,NA,NA,NA,10,6,NA,NA,"testing optuna for PS xgb model",955,22,
NA,NA,NA,NA,NA,NA,10,5,NA,NA,"testing optuna for PS xgb model",153,16,
NA,NA,NA,NA,NA,NA,15,6,NA,NA,"testing optuna for PS xgb model",863,20,
NA,NA,NA,NA,NA,NA,15,6,NA,NA,"testing optuna for PS xgb model",1145,22,
NA,NA,NA,NA,NA,NA,20,6,NA,NA,"testing optuna for PS xgb model",660,18,
NA,NA,NA,NA,NA,NA,30,6,NA,NA,"testing optuna for PS xgb model",1019,23,
NA,NA,NA,NA,NA,NA,100,6,NA,NA,"testing optuna for PS xgb model",1134,20,
NA,NA,NA,NA,NA,NA,10,9,NA,NA,"testing optuna for PS xgb model",920,28,
NA,NA,NA,NA,NA,NA,10,6,NA,NA,"testing optuna for PS xgb model",808,22,
NA,NA,NA,NA,NA,NA,50,6,NA,NA,"testing optuna for PS xgb model",1221,31,
NA,NA,NA,NA,NA,NA,15,9,NA,NA,"testing optuna for PS xgb model",1015,17,
NA,NA,NA,NA,NA,NA,20,6,NA,NA,"testing optuna for PS xgb model",1076,24,
NA,NA,NA,NA,NA,NA,10,6,NA,NA,"testing optuna for PS xgb model",335,1,
NA,NA,NA,NA,NA,NA,15,6,NA,NA,"testing optuna for PS xgb model",930,20,
NA,NA,NA,NA,NA,NA,10,6,NA,NA,"testing optuna for PS xgb model",1191,28,
NA,NA,NA,NA,NA,NA,25,8,NA,NA,"testing optuna for PS xgb model",850,35,
NA,NA,NA,NA,NA,NA,15,6,NA,NA,"testing optuna for PS xgb model",1093,22,
NA,NA,NA,NA,NA,NA,10,10,NA,NA,"testing optuna for PS xgb model",988,25,
NA,NA,NA,NA,NA,NA,10,8,NA,NA,"testing optuna for PS xgb model",752,25,
NA,NA,NA,NA,NA,NA,70,10,NA,NA,"testing optuna for PS xgb model",976,23,
NA,NA,NA,NA,NA,NA,15,7,NA,NA,"testing optuna for PS xgb model",866,18,
NA,NA,NA,NA,NA,NA,20,4,NA,NA,"testing optuna for PS xgb model",973,26,
NA,NA,NA,NA,NA,NA,10,10,NA,NA,"testing optuna for PS xgb model",902,21,
NA,NA,NA,NA,NA,NA,190,10,NA,NA,"testing optuna for PS xgb model",779,20,
NA,NA,NA,NA,NA,NA,10,10,NA,NA,"testing optuna for PS xgb model",885,18,
NA,NA,NA,NA,NA,NA,15,8,NA,NA,"testing optuna for PS xgb model",810,16,
NA,NA,NA,NA,NA,NA,10,10,NA,NA,"testing optuna for PS xgb model",911,21,
NA,NA,NA,NA,NA,NA,15,10,NA,NA,"testing optuna for PS xgb model",1002,22,
NA,NA,NA,NA,NA,NA,10,10,NA,NA,"testing optuna for PS xgb model",722,13,
NA,NA,NA,NA,NA,NA,20,10,NA,NA,"testing optuna for PS xgb model",440,19,
NA,NA,NA,NA,NA,NA,10,10,NA,NA,"testing optuna for PS xgb model",818,24,
NA,NA,NA,NA,NA,NA,15,10,NA,NA,"testing optuna for PS xgb model",931,27,
NA,NA,NA,NA,NA,NA,10,10,NA,NA,"testing optuna for PS xgb model",1022,21,
NA,NA,NA,NA,NA,NA,15,10,NA,NA,"testing optuna for PS xgb model",848,24,
NA,NA,NA,NA,NA,NA,20,10,NA,NA,"testing optuna for PS xgb model",1254,29,
NA,NA,NA,NA,NA,NA,10,10,NA,NA,"testing optuna for PS xgb model",959,20,
NA,NA,NA,NA,NA,NA,10,10,NA,NA,"testing optuna for PS xgb model",1099,26,
NA,NA,NA,NA,NA,NA,15,8,NA,NA,"testing optuna for PS xgb model",900,23,
NA,NA,NA,NA,NA,NA,25,10,NA,NA,"testing optuna for PS xgb model",1152,17,
NA,NA,NA,NA,NA,NA,10,5,NA,NA,"testing optuna for PS xgb model",1038,22,
NA,NA,NA,NA,NA,NA,15,4,NA,NA,"testing optuna for PS xgb model",128,20,
NA,NA,NA,NA,NA,NA,20,4,NA,NA,"testing optuna for PS xgb model",674,19,
NA,NA,NA,NA,NA,NA,10,5,NA,NA,"testing optuna for PS xgb model",746,15,
NA,NA,NA,NA,NA,NA,15,5,NA,NA,"testing optuna for PS xgb model",1019,22,
NA,NA,NA,NA,NA,NA,60,5,NA,NA,"testing optuna for PS xgb model",916,18,
NA,NA,NA,NA,NA,NA,120,9,NA,NA,"testing optuna for PS xgb model",1029,22,
NA,NA,NA,NA,NA,NA,10,5,NA,NA,"testing optuna for PS xgb model",829,24,
NA,NA,NA,NA,NA,NA,10,4,NA,NA,"testing optuna for PS xgb model",42,21,
NA,NA,NA,NA,NA,NA,15,9,NA,NA,"testing optuna for PS xgb model",1268,28,
NA,NA,NA,NA,NA,NA,10,5,NA,NA,"testing optuna for PS xgb model",963,17,
NA,NA,NA,NA,NA,NA,135,7,NA,NA,"testing optuna for PS xgb model",1068,7,
NA,NA,NA,NA,NA,NA,20,9,NA,NA,"testing optuna for PS xgb model",558,25,
NA,NA,NA,NA,NA,NA,10,10,NA,NA,"testing optuna for PS xgb model",1178,31,
NA,NA,NA,NA,NA,NA,15,6,NA,NA,"testing optuna for PS xgb model",880,19,
NA,NA,NA,NA,NA,NA,85,6,NA,NA,"testing optuna for PS xgb model",972,3,
NA,NA,NA,NA,NA,NA,30,7,NA,NA,"testing optuna for PS xgb model",800,23,
NA,NA,NA,NA,NA,NA,65,6,NA,NA,"testing optuna for PS xgb model",1067,27,
NA,NA,NA,NA,NA,NA,15,4,NA,NA,"testing optuna for PS xgb model",1208,2,
NA,NA,NA,NA,NA,NA,10,5,NA,NA,"testing optuna for PS xgb model",901,21,
NA,NA,NA,NA,NA,NA,35,6,NA,NA,"testing optuna for PS xgb model",264,24,
NA,NA,NA,NA,NA,NA,20,9,NA,NA,"testing optuna for PS xgb model",1296,16,
NA,NA,NA,NA,NA,NA,155,6,NA,NA,"testing optuna for PS xgb model",1134,19,
NA,NA,NA,NA,NA,NA,15,10,NA,NA,"testing optuna for PS xgb model",87,32,
NA,NA,NA,NA,NA,NA,10,6,NA,NA,"testing optuna for PS xgb model",1000,26,
NA,NA,NA,NA,NA,NA,10,6,NA,NA,"testing optuna for PS xgb model",726,27,
NA,NA,NA,NA,NA,NA,20,6,NA,NA,"testing optuna for PS xgb model",861,29,
NA,NA,NA,NA,NA,NA,15,6,NA,NA,"testing optuna for PS xgb model",978,25,
NA,NA,NA,NA,NA,NA,10,6,NA,NA,"testing optuna for PS xgb model",950,31,
NA,NA,NA,NA,NA,NA,10,6,NA,NA,"testing optuna for PS xgb model",780,26,
NA,NA,NA,NA,NA,NA,25,6,NA,NA,"testing optuna for PS xgb model",606,29,
NA,NA,NA,NA,NA,NA,15,6,NA,NA,"testing optuna for PS xgb model",1115,9,
NA,NA,NA,NA,NA,NA,15,6,NA,NA,"testing optuna for PS xgb model",1037,23,
NA,NA,NA,NA,NA,NA,10,6,NA,NA,"testing optuna for PS xgb model",849,21,
NA,NA,NA,NA,NA,NA,15,6,NA,NA,"testing optuna for PS xgb model",1207,33,
NA,NA,NA,NA,NA,NA,20,9,NA,NA,"testing optuna for PS xgb model",1377,25,
NA,NA,NA,NA,NA,NA,10,6,NA,NA,"testing optuna for PS xgb model",487,28,
NA,NA,NA,NA,NA,NA,20,6,NA,NA,"testing optuna for PS xgb model",383,5,
NA,NA,NA,NA,NA,NA,10,10,NA,NA,"testing optuna for PS xgb model",924,23,
NA,NA,NA,NA,NA,NA,15,6,NA,NA,"testing optuna for PS xgb model",1029,19,
NA,NA,NA,NA,NA,NA,10,6,NA,NA,"testing optuna for PS xgb model",1132,26,
NA,NA,NA,NA,NA,NA,15,9,NA,NA,"testing optuna for PS xgb model",1251,20,
NA,NA,NA,NA,NA,NA,10,6,NA,NA,"testing optuna for PS xgb model",901,22,
NA,NA,NA,NA,NA,NA,10,6,NA,NA,"testing optuna for PS xgb model",992,17,
NA,NA,NA,NA,NA,NA,20,6,NA,NA,"testing optuna for PS xgb model",808,29,
NA,NA,NA,NA,NA,NA,15,6,NA,NA,"testing optuna for PS xgb model",306,24,
NA,NA,NA,NA,NA,NA,10,6,NA,NA,"testing optuna for PS xgb model",1082,32,
NA,NA,NA,NA,NA,NA,15,9,NA,NA,"testing optuna for PS xgb model",1193,26,
NA,NA,NA,NA,NA,NA,25,8,NA,NA,"testing optuna for PS xgb model",962,6,
NA,NA,NA,NA,NA,NA,10,7,NA,NA,"testing optuna for PS xgb model",691,21,
NA,NA,NA,NA,NA,NA,15,6,NA,NA,"testing optuna for PS xgb model",869,37,
NA,NA,NA,NA,NA,NA,10,6,NA,NA,"testing optuna for PS xgb model",1090,18,
NA,NA,NA,NA,NA,NA,20,10,NA,NA,"testing optuna for PS xgb model",970,23,
NA,NA,NA,NA,NA,NA,55,6,NA,NA,"testing optuna for PS xgb model",1294,28,
NA,NA,NA,NA,NA,NA,10,6,NA,NA,"testing optuna for PS xgb model",773,20,
NA,NA,NA,NA,NA,NA,15,7,NA,NA,"testing optuna for PS xgb model",1156,24,
NA,NA,NA,NA,NA,NA,20,6,NA,NA,"testing optuna for PS xgb model",1029,26,
NA,NA,NA,NA,NA,NA,10,9,NA,NA,"testing optuna for PS xgb model",859,30,
NA,NA,NA,NA,NA,NA,15,6,NA,NA,"testing optuna for PS xgb model",816,31,
NA,NA,NA,NA,NA,NA,10,6,NA,NA,"testing optuna for PS xgb model",732,35,
NA,NA,NA,NA,NA,NA,15,6,NA,NA,"testing optuna for PS xgb model",871,39,
NA,NA,NA,NA,NA,NA,80,6,NA,NA,"testing optuna for PS xgb model",904,31,
NA,NA,NA,NA,NA,NA,10,6,NA,NA,"testing optuna for PS xgb model",858,34,
NA,NA,NA,NA,NA,NA,10,10,NA,NA,"testing optuna for PS xgb model",936,28,
NA,NA,NA,NA,NA,NA,15,6,NA,NA,"testing optuna for PS xgb model",756,30,
NA,NA,NA,NA,NA,NA,20,9,NA,NA,"testing optuna for PS xgb model",804,26,
NA,NA,NA,NA,NA,NA,10,6,NA,NA,"testing optuna for PS xgb model",356,28,
NA,NA,NA,NA,NA,NA,15,6,NA,NA,"testing optuna for PS xgb model",634,24,
NA,NA,NA,NA,NA,NA,25,8,NA,NA,"testing optuna for PS xgb model",984,22,
NA,NA,NA,NA,NA,NA,75,6,NA,NA,"testing optuna for PS xgb model",912,34,
NA,NA,NA,NA,NA,NA,15,9,NA,NA,"testing optuna for PS xgb model",1045,26,
NA,NA,NA,NA,NA,NA,10,6,NA,NA,"testing optuna for PS xgb model",849,24,
NA,NA,NA,NA,NA,NA,10,10,NA,NA,"testing optuna for PS xgb model",961,29,
NA,NA,NA,NA,NA,NA,20,6,NA,NA,"testing optuna for PS xgb model",1048,22,
NA,NA,NA,NA,NA,NA,15,7,NA,NA,"testing optuna for PS xgb model",770,32,
NA,NA,NA,NA,NA,NA,10,6,NA,NA,"testing optuna for PS xgb model",902,40,
NA,NA,NA,NA,NA,NA,15,6,NA,NA,"testing optuna for PS xgb model",1116,27,
NA,NA,NA,NA,NA,NA,10,6,NA,NA,"testing optuna for PS xgb model",986,21,
NA,NA,NA,NA,NA,NA,95,9,NA,NA,"testing optuna for PS xgb model",699,24,
NA,NA,NA,NA,NA,NA,10,6,NA,NA,"testing optuna for PS xgb model",1275,30,
NA,NA,NA,NA,NA,NA,20,6,NA,NA,"testing optuna for PS xgb model",1354,29,
NA,NA,NA,NA,NA,NA,10,6,NA,NA,"testing optuna for PS xgb model",1315,26,
NA,NA,NA,NA,NA,NA,15,5,NA,NA,"testing optuna for PS xgb model",1216,23,
NA,NA,NA,NA,NA,NA,10,6,NA,NA,"testing optuna for PS xgb model",1283,20,
NA,NA,NA,NA,NA,NA,15,10,NA,NA,"testing optuna for PS xgb model",830,25,
NA,NA,NA,NA,NA,NA,25,6,NA,NA,"testing optuna for PS xgb model",26,4,
NA,NA,NA,NA,NA,NA,10,7,NA,NA,"testing optuna for PS xgb model",1210,29,
NA,NA,NA,NA,NA,NA,15,6,NA,NA,"testing optuna for PS xgb model",1098,22,
NA,NA,NA,NA,NA,NA,45,6,NA,NA,"testing optuna for PS xgb model",920,26,
NA,NA,NA,NA,NA,NA,20,9,NA,NA,"testing optuna for PS xgb model",1369,20,
NA,NA,NA,NA,NA,NA,10,6,NA,NA,"testing optuna for PS xgb model",1027,31,
NA,NA,NA,NA,NA,NA,15,6,NA,NA,"testing optuna for PS xgb model",992,24,
NA,NA,NA,NA,NA,NA,10,6,NA,NA,"testing optuna for PS xgb model",855,65,
NA,NA,NA,NA,NA,NA,15,9,NA,NA,"testing optuna for PS xgb model",804,32,
NA,NA,NA,NA,NA,NA,10,10,NA,NA,"testing optuna for PS xgb model",1025,27,
NA,NA,NA,NA,NA,NA,10,6,NA,NA,"testing optuna for PS xgb model",935,14,
NA,NA,NA,NA,NA,NA,20,5,NA,NA,"testing optuna for PS xgb model",1058,22,
NA,NA,NA,NA,NA,NA,10,6,NA,NA,"testing optuna for PS xgb model",879,19,
NA,NA,NA,NA,NA,NA,40,6,NA,NA,"testing optuna for PS xgb model",206,24,
NA,NA,NA,NA,NA,NA,25,6,NA,NA,"testing optuna for PS xgb model",743,21,
NA,NA,NA,NA,NA,NA,15,6,NA,NA,"testing optuna for PS xgb model",979,27,
NA,NA,NA,NA,NA,NA,20,6,NA,NA,"testing optuna for PS xgb model",1111,18,
NA,NA,NA,NA,NA,NA,10,9,NA,NA,"testing optuna for PS xgb model",912,32,
NA,NA,NA,NA,NA,NA,15,6,NA,NA,"testing optuna for PS xgb model",642,24,
NA,NA,NA,NA,NA,NA,10,10,NA,NA,"testing optuna for PS xgb model",841,36,
NA,NA,NA,NA,NA,NA,15,10,NA,NA,"testing optuna for PS xgb model",701,39,
NA,NA,NA,NA,NA,NA,105,10,NA,NA,"testing optuna for PS xgb model",810,39,
NA,NA,NA,NA,NA,NA,70,10,NA,NA,"testing optuna for PS xgb model",780,36,
NA,NA,NA,NA,NA,NA,10,10,NA,NA,"testing optuna for PS xgb model",889,33,
NA,NA,NA,NA,NA,NA,20,10,NA,NA,"testing optuna for PS xgb model",838,36,
NA,NA,NA,NA,NA,NA,10,10,NA,NA,"testing optuna for PS xgb model",755,16,
NA,NA,NA,NA,NA,NA,10,10,NA,NA,"testing optuna for PS xgb model",947,21,
NA,NA,NA,NA,NA,NA,15,10,NA,NA,"testing optuna for PS xgb model",855,22,
NA,NA,NA,NA,NA,NA,20,10,NA,NA,"testing optuna for PS xgb model",579,19,
NA,NA,NA,NA,NA,NA,15,10,NA,NA,"testing optuna for PS xgb model",678,28,
NA,NA,NA,NA,NA,NA,30,10,NA,NA,"testing optuna for PS xgb model",969,25,
NA,NA,NA,NA,NA,NA,10,9,NA,NA,"testing optuna for PS xgb model",1029,8,
NA,NA,NA,NA,NA,NA,115,8,NA,NA,"testing optuna for PS xgb model",821,31,
NA,NA,NA,NA,NA,NA,90,5,NA,NA,"testing optuna for PS xgb model",921,23,
NA,NA,NA,NA,NA,NA,10,7,NA,NA,"testing optuna for PS xgb model",1009,20,
NA,NA,NA,NA,NA,NA,15,10,NA,NA,"testing optuna for PS xgb model",878,26,
NA,NA,NA,NA,NA,NA,10,9,NA,NA,"testing optuna for PS xgb model",787,18,
NA,NA,NA,NA,NA,NA,15,5,NA,NA,"testing optuna for PS xgb model",426,23,
NA,NA,NA,NA,NA,NA,20,6,NA,NA,"testing optuna for PS xgb model",1058,29,
NA,NA,NA,NA,NA,NA,10,9,NA,NA,"testing optuna for PS xgb model",916,20,
NA,NA,NA,NA,NA,NA,15,4,NA,NA,"testing optuna for PS xgb model",969,25,
NA,NA,NA,NA,NA,NA,50,10,NA,NA,"testing optuna for PS xgb model",756,84,
NA,NA,NA,NA,NA,NA,10,6,NA,NA,"testing optuna for PS xgb model",844,35,
NA,NA,NA,NA,NA,NA,15,6,NA,NA,"testing optuna for PS xgb model",1120,30,
NA,NA,NA,NA,NA,NA,25,4,NA,NA,"testing optuna for PS xgb model",504,22,
NA,NA,NA,NA,NA,NA,175,6,NA,NA,"testing optuna for PS xgb model",1034,17,
NA,NA,NA,NA,NA,NA,10,8,NA,NA,"testing optuna for PS xgb model",932,44,
NA,NA,NA,NA,NA,NA,15,6,NA,NA,"testing optuna for PS xgb model",1117,27,
NA,NA,NA,NA,NA,NA,20,6,NA,NA,"testing optuna for PS xgb model",867,21,
NA,NA,NA,NA,NA,NA,35,7,NA,NA,"testing optuna for PS xgb model",709,25,
NA,NA,NA,NA,NA,NA,60,9,NA,NA,"testing optuna for PS xgb model",974,23,
NA,NA,NA,NA,NA,NA,10,6,NA,NA,"testing optuna for PS xgb model",1045,32,
NA,NA,NA,NA,NA,NA,15,10,NA,NA,"testing optuna for PS xgb model",812,19,
NA,NA,NA,NA,NA,NA,10,6,NA,NA,"testing optuna for PS xgb model",1149,28,
NA,NA,NA,NA,NA,NA,10,6,NA,NA,"testing optuna for PS xgb model",931,25,
NA,NA,NA,NA,NA,NA,15,9,NA,NA,"testing optuna for PS xgb model",1001,21,
NA,NA,NA,NA,NA,NA,10,6,NA,NA,"testing optuna for PS xgb model",873,37,
NA,NA,NA,NA,NA,NA,20,5,NA,NA,"testing optuna for PS xgb model",1065,24,
NA,NA,NA,NA,NA,NA,15,6,NA,NA,"testing optuna for PS xgb model",1180,15,
NA,NA,NA,NA,NA,NA,110,10,NA,NA,"testing optuna for PS xgb model",773,30,
NA,NA,NA,NA,NA,NA,10,6,NA,NA,"testing optuna for PS xgb model",946,22,
NA,NA,NA,NA,NA,NA,20,6,NA,NA,"testing optuna for PS xgb model",1065,27,
NA,NA,NA,NA,NA,NA,10,6,NA,NA,"testing optuna for PS xgb model",851,18,
NA,NA,NA,NA,NA,NA,15,6,NA,NA,"testing optuna for PS xgb model",1178,34,
NA,NA,NA,NA,NA,NA,10,6,NA,NA,"testing optuna for PS xgb model",1012,20,
NA,NA,NA,NA,NA,NA,15,9,NA,NA,"testing optuna for PS xgb model",918,23,
NA,NA,NA,NA,NA,NA,20,10,NA,NA,"testing optuna for PS xgb model",721,54,
NA,NA,NA,NA,NA,NA,45,6,NA,NA,"testing optuna for PS xgb model",1110,27,
NA,NA,NA,NA,NA,NA,10,7,NA,NA,"testing optuna for PS xgb model",813,30,
NA,NA,NA,NA,NA,NA,65,4,NA,NA,"testing optuna for PS xgb model",985,25,
NA,NA,NA,NA,NA,NA,10,6,NA,NA,"testing optuna for PS xgb model",663,19,
NA,NA,NA,NA,NA,NA,15,5,NA,NA,"testing optuna for PS xgb model",897,22,
NA,NA,NA,NA,NA,NA,20,6,NA,NA,"testing optuna for PS xgb model",1063,16,
NA,NA,NA,NA,NA,NA,25,8,NA,NA,"testing optuna for PS xgb model",1191,27,
NA,NA,NA,NA,NA,NA,15,6,NA,NA,"testing optuna for PS xgb model",980,41,
NA,NA,NA,NA,NA,NA,10,6,NA,NA,"testing optuna for PS xgb model",847,24,
NA,NA,NA,NA,NA,NA,10,9,NA,NA,"testing optuna for PS xgb model",761,13,
NA,NA,NA,NA,NA,NA,15,10,NA,NA,"testing optuna for PS xgb model",540,33,
NA,NA,NA,NA,NA,NA,10,6,NA,NA,"testing optuna for PS xgb model",464,21,
NA,NA,NA,NA,NA,NA,15,6,NA,NA,"testing optuna for PS xgb model",910,30,
NA,NA,NA,NA,NA,NA,30,6,NA,NA,"testing optuna for PS xgb model",1116,25,
NA,NA,NA,NA,NA,NA,10,6,NA,NA,"testing optuna for PS xgb model",104,20,
NA,NA,NA,NA,NA,NA,55,9,NA,NA,"testing optuna for PS xgb model",994,18,
NA,NA,NA,NA,NA,NA,10,6,NA,NA,"testing optuna for PS xgb model",291,23,
NA,NA,NA,NA,NA,NA,20,6,NA,NA,"testing optuna for PS xgb model",1194,27,
NA,NA,NA,NA,NA,NA,15,7,NA,NA,"testing optuna for PS xgb model",1050,22,
NA,NA,NA,NA,NA,NA,10,10,NA,NA,"testing optuna for PS xgb model",818,29,
NA,NA,NA,NA,NA,NA,15,5,NA,NA,"testing optuna for PS xgb model",248,25,
NA,NA,NA,NA,NA,NA,10,6,NA,NA,"testing optuna for PS xgb model",915,36,
NA,NA,NA,NA,NA,NA,20,9,NA,NA,"testing optuna for PS xgb model",1102,20,
NA,NA,NA,NA,NA,NA,15,6,NA,NA,"testing optuna for PS xgb model",971,32,
NA,NA,NA,NA,NA,NA,10,6,NA,NA,"testing optuna for PS xgb model",389,17,
NA,NA,NA,NA,NA,NA,85,10,NA,NA,"testing optuna for PS xgb model",879,7,
NA,NA,NA,NA,NA,NA,25,6,NA,NA,"testing optuna for PS xgb model",1261,23,
NA,NA,NA,NA,NA,NA,155,6,NA,NA,"testing optuna for PS xgb model",621,27,
NA,NA,NA,NA,NA,NA,15,6,NA,NA,"testing optuna for PS xgb model",176,20,
NA,NA,NA,NA,NA,NA,10,5,NA,NA,"testing optuna for PS xgb model",739,48,
NA,NA,NA,NA,NA,NA,10,6,NA,NA,"testing optuna for PS xgb model",1027,25,
NA,NA,NA,NA,NA,NA,95,10,NA,NA,"testing optuna for PS xgb model",1151,29,
NA,NA,NA,NA,NA,NA,15,6,NA,NA,"testing optuna for PS xgb model",813,22,
NA,NA,NA,NA,NA,NA,20,6,NA,NA,"testing optuna for PS xgb model",325,33,
NA,NA,NA,NA,NA,NA,10,7,NA,NA,"testing optuna for PS xgb model",948,18,
NA,NA,NA,NA,NA,NA,15,9,NA,NA,"testing optuna for PS xgb model",1026,24,
NA,NA,NA,NA,NA,NA,15,6,NA,NA,"testing optuna for PS xgb model",874,28,
NA,NA,NA,NA,NA,NA,10,9,NA,NA,"testing optuna for PS xgb model",1218,21,
NA,NA,NA,NA,NA,NA,20,9,NA,NA,"testing optuna for PS xgb model",1080,19,
NA,NA,NA,NA,NA,NA,100,8,NA,NA,"testing optuna for PS xgb model",967,16,
NA,NA,NA,NA,NA,NA,10,9,NA,NA,"testing optuna for PS xgb model",72,21,
NA,NA,NA,NA,NA,NA,145,9,NA,NA,"testing optuna for PS xgb model",1198,19,
NA,NA,NA,NA,NA,NA,10,9,NA,NA,"testing optuna for PS xgb model",808,17,
NA,NA,NA,NA,NA,NA,10,9,NA,NA,"testing optuna for PS xgb model",36,21,
NA,NA,NA,NA,NA,NA,25,9,NA,NA,"testing optuna for PS xgb model",929,9,
NA,NA,NA,NA,NA,NA,15,9,NA,NA,"testing optuna for PS xgb model",1104,23,
NA,NA,NA,NA,NA,NA,15,9,NA,NA,"testing optuna for PS xgb model",681,21,
NA,NA,NA,NA,NA,NA,10,9,NA,NA,"testing optuna for PS xgb model",877,19,
NA,NA,NA,NA,NA,NA,15,9,NA,NA,"testing optuna for PS xgb model",1020,24,
NA,NA,NA,NA,NA,NA,20,9,NA,NA,"testing optuna for PS xgb model",1263,23,
NA,NA,NA,NA,NA,NA,10,9,NA,NA,"testing optuna for PS xgb model",226,21,
NA,NA,NA,NA,NA,NA,15,10,NA,NA,"testing optuna for PS xgb model",742,17,
NA,NA,NA,NA,NA,NA,10,10,NA,NA,"testing optuna for PS xgb model",1146,26,
NA,NA,NA,NA,NA,NA,10,10,NA,NA,"testing optuna for PS xgb model",1165,27,
NA,NA,NA,NA,NA,NA,20,10,NA,NA,"testing optuna for PS xgb model",1281,26,
NA,NA,NA,NA,NA,NA,10,10,NA,NA,"testing optuna for PS xgb model",1163,31,
NA,NA,NA,NA,NA,NA,15,10,NA,NA,"testing optuna for PS xgb model",1095,26,
NA,NA,NA,NA,NA,NA,10,10,NA,NA,"testing optuna for PS xgb model",1245,39,
NA,NA,NA,NA,NA,NA,20,10,NA,NA,"testing optuna for PS xgb model",1077,24,
NA,NA,NA,NA,NA,NA,15,10,NA,NA,"testing optuna for PS xgb model",1180,29,
NA,NA,NA,NA,NA,NA,10,10,NA,NA,"testing optuna for PS xgb model",1380,25,
NA,NA,NA,NA,NA,NA,10,10,NA,NA,"testing optuna for PS xgb model",1039,34,
NA,NA,NA,NA,NA,NA,15,10,NA,NA,"testing optuna for PS xgb model",984,3,
NA,NA,NA,NA,NA,NA,15,10,NA,NA,"testing optuna for PS xgb model",1145,22,
NA,NA,NA,NA,NA,NA,10,10,NA,NA,"testing optuna for PS xgb model",1257,26,
NA,NA,NA,NA,NA,NA,30,4,NA,NA,"testing optuna for PS xgb model",1067,30,
NA,NA,NA,NA,NA,NA,20,9,NA,NA,"testing optuna for PS xgb model",964,14,
NA,NA,NA,NA,NA,NA,80,8,NA,NA,"testing optuna for PS xgb model",1132,19,
NA,NA,NA,NA,NA,NA,15,10,NA,NA,"testing optuna for PS xgb model",1049,23,
NA,NA,NA,NA,NA,NA,10,9,NA,NA,"testing optuna for PS xgb model",956,21,
NA,NA,NA,NA,NA,NA,10,10,NA,NA,"testing optuna for PS xgb model",1280,27,
NA,NA,NA,NA,NA,NA,120,5,NA,NA,"testing optuna for PS xgb model",1170,24,
NA,NA,NA,NA,NA,NA,20,9,NA,NA,"testing optuna for PS xgb model",916,36,
NA,NA,NA,NA,NA,NA,15,10,NA,NA,"testing optuna for PS xgb model",54,2,
NA,NA,NA,NA,NA,NA,10,9,NA,NA,"testing optuna for PS xgb model",1009,19,
NA,NA,NA,NA,NA,NA,25,4,NA,NA,"testing optuna for PS xgb model",1090,4,
NA,NA,NA,NA,NA,NA,10,5,NA,NA,"testing optuna for PS xgb model",866,6,
NA,NA,NA,NA,NA,NA,15,10,NA,NA,"testing optuna for PS xgb model",1372,29,
NA,NA,NA,NA,NA,NA,15,8,NA,NA,"testing optuna for PS xgb model",1210,22,
NA,NA,NA,NA,NA,NA,10,9,NA,NA,"testing optuna for PS xgb model",995,32,
NA,NA,NA,NA,NA,NA,70,10,NA,NA,"testing optuna for PS xgb model",790,25,
NA,NA,NA,NA,NA,NA,15,7,NA,NA,"testing optuna for PS xgb model",926,16,
NA,NA,NA,NA,NA,NA,10,9,NA,NA,"testing optuna for PS xgb model",1083,20,
NA,NA,NA,NA,NA,NA,20,6,NA,NA,"testing optuna for PS xgb model",844,1,
NA,NA,NA,NA,NA,NA,60,10,NA,NA,"testing optuna for PS xgb model",1008,27,
NA,NA,NA,NA,NA,NA,10,6,NA,NA,"testing optuna for PS xgb model",1186,23,
NA,NA,NA,NA,NA,NA,15,5,NA,NA,"testing optuna for PS xgb model",905,18,
NA,NA,NA,NA,NA,NA,25,9,NA,NA,"testing optuna for PS xgb model",1085,25,
NA,NA,NA,NA,NA,NA,10,6,NA,NA,"testing optuna for PS xgb model",1257,21,
NA,NA,NA,NA,NA,NA,20,7,NA,NA,"testing optuna for PS xgb model",586,31,
NA,NA,NA,NA,NA,NA,15,10,NA,NA,"testing optuna for PS xgb model",1004,23,
NA,NA,NA,NA,NA,NA,10,6,NA,NA,"testing optuna for PS xgb model",132,42,
NA,NA,NA,NA,NA,NA,75,6,NA,NA,"testing optuna for PS xgb model",351,28,
NA,NA,NA,NA,NA,NA,10,6,NA,NA,"testing optuna for PS xgb model",817,20,
NA,NA,NA,NA,NA,NA,20,9,NA,NA,"testing optuna for PS xgb model",918,25,
NA,NA,NA,NA,NA,NA,15,4,NA,NA,"testing optuna for PS xgb model",1121,35,
NA,NA,NA,NA,NA,NA,10,6,NA,NA,"testing optuna for PS xgb model",965,12,
NA,NA,NA,NA,NA,NA,15,10,NA,NA,"testing optuna for PS xgb model",162,29,
NA,NA,NA,NA,NA,NA,10,6,NA,NA,"testing optuna for PS xgb model",734,22,
NA,NA,NA,NA,NA,NA,15,6,NA,NA,"testing optuna for PS xgb model",856,18,
NA,NA,NA,NA,NA,NA,35,6,NA,NA,"testing optuna for PS xgb model",1187,26,
NA,NA,NA,NA,NA,NA,10,7,NA,NA,"testing optuna for PS xgb model",1041,23,
NA,NA,NA,NA,NA,NA,20,8,NA,NA,"testing optuna for PS xgb model",949,21,
NA,NA,NA,NA,NA,NA,10,9,NA,NA,"testing optuna for PS xgb model",1296,32,
NA,NA,NA,NA,NA,NA,15,6,NA,NA,"testing optuna for PS xgb model",1107,15,
NA,NA,NA,NA,NA,NA,10,10,NA,NA,"testing optuna for PS xgb model",776,27,
NA,NA,NA,NA,NA,NA,15,6,NA,NA,"testing optuna for PS xgb model",1033,24,
NA,NA,NA,NA,NA,NA,20,9,NA,NA,"testing optuna for PS xgb model",866,38,
NA,NA,NA,NA,NA,NA,15,6,NA,NA,"testing optuna for PS xgb model",1170,21,
NA,NA,NA,NA,NA,NA,10,5,NA,NA,"testing optuna for PS xgb model",687,29,
NA,NA,NA,NA,NA,NA,10,6,NA,NA,"testing optuna for PS xgb model",1381,24,
NA,NA,NA,NA,NA,NA,10,10,NA,NA,"testing optuna for PS xgb model",954,19,
NA,NA,NA,NA,NA,NA,15,6,NA,NA,"testing optuna for PS xgb model",1029,17,
NA,NA,NA,NA,NA,NA,15,9,NA,NA,"testing optuna for PS xgb model",874,26,
NA,NA,NA,NA,NA,NA,25,6,NA,NA,"testing optuna for PS xgb model",1122,32,
NA,NA,NA,NA,NA,NA,10,10,NA,NA,"testing optuna for PS xgb model",411,20,
NA,NA,NA,NA,NA,NA,20,6,NA,NA,"testing optuna for PS xgb model",801,23,
NA,NA,NA,NA,NA,NA,10,6,NA,NA,"testing optuna for PS xgb model",943,29,
NA,NA,NA,NA,NA,NA,15,3,NA,NA,"testing optuna for PS xgb model",1237,26,
NA,NA,NA,NA,NA,NA,10,5,NA,NA,"testing optuna for PS xgb model",1043,22,
NA,NA,NA,NA,NA,NA,20,9,NA,NA,"testing optuna for PS xgb model",1133,35,
NA,NA,NA,NA,NA,NA,180,6,NA,NA,"testing optuna for PS xgb model",907,18,
NA,NA,NA,NA,NA,NA,15,6,NA,NA,"testing optuna for PS xgb model",990,24,
NA,NA,NA,NA,NA,NA,50,10,NA,NA,"testing optuna for PS xgb model",1269,10,
NA,NA,NA,NA,NA,NA,10,9,NA,NA,"testing optuna for PS xgb model",525,20,
NA,NA,NA,NA,NA,NA,15,6,NA,NA,"testing optuna for PS xgb model",194,28,
NA,NA,NA,NA,NA,NA,90,6,NA,NA,"testing optuna for PS xgb model",810,31,
NA,NA,NA,NA,NA,NA,10,4,NA,NA,"testing optuna for PS xgb model",1096,25,
NA,NA,NA,NA,NA,NA,20,6,NA,NA,"testing optuna for PS xgb model",889,21,
NA,NA,NA,NA,NA,NA,40,10,NA,NA,"testing optuna for PS xgb model",985,72,
NA,NA,NA,NA,NA,NA,10,8,NA,NA,"testing optuna for PS xgb model",456,27,
NA,NA,NA,NA,NA,NA,195,6,NA,NA,"testing optuna for PS xgb model",748,23,
NA,NA,NA,NA,NA,NA,15,7,NA,NA,"testing optuna for PS xgb model",1172,16,
NA,NA,NA,NA,NA,NA,15,6,NA,NA,"testing optuna for PS xgb model",1044,20,
NA,NA,NA,NA,NA,NA,10,5,NA,NA,"testing optuna for PS xgb model",631,30,
NA,NA,NA,NA,NA,NA,10,10,NA,NA,"testing optuna for PS xgb model",847,46,
NA,NA,NA,NA,NA,NA,20,9,NA,NA,"testing optuna for PS xgb model",1262,25,
NA,NA,NA,NA,NA,NA,10,6,NA,NA,"testing optuna for PS xgb model",936,18,
NA,NA,NA,NA,NA,NA,15,6,NA,NA,"testing optuna for PS xgb model",1380,22,
NA,NA,NA,NA,NA,NA,135,9,NA,NA,"testing optuna for PS xgb model",1088,35,
NA,NA,NA,NA,NA,NA,25,6,NA,NA,"testing optuna for PS xgb model",968,40,
NA,NA,NA,NA,NA,NA,15,10,NA,NA,"testing optuna for PS xgb model",1180,27,
NA,NA,NA,NA,NA,NA,10,6,NA,NA,"testing optuna for PS xgb model",842,23,
NA,NA,NA,NA,NA,NA,10,6,NA,NA,"testing optuna for PS xgb model",1041,19,
NA,NA,NA,NA,NA,NA,20,6,NA,NA,"testing optuna for PS xgb model",279,31,
NA,NA,NA,NA,NA,NA,15,7,NA,NA,"testing optuna for PS xgb model",766,26,
NA,NA,NA,NA,NA,NA,10,9,NA,NA,"testing optuna for PS xgb model",909,22,
NA,NA,NA,NA,NA,NA,10,6,NA,NA,"testing optuna for PS xgb model",1126,24,
NA,NA,NA,NA,NA,NA,15,6,NA,NA,"testing optuna for PS xgb model",998,21,
NA,NA,NA,NA,NA,NA,85,6,NA,NA,"testing optuna for PS xgb model",695,17,
NA,NA,NA,NA,NA,NA,20,6,NA,NA,"testing optuna for PS xgb model",886,20,
NA,NA,NA,NA,NA,NA,10,6,NA,NA,"testing optuna for PS xgb model",1086,23,
NA,NA,NA,NA,NA,NA,65,6,NA,NA,"testing optuna for PS xgb model",970,24,
NA,NA,NA,NA,NA,NA,15,6,NA,NA,"testing optuna for PS xgb model",816,19,
NA,NA,NA,NA,NA,NA,115,6,NA,NA,"testing optuna for PS xgb model",1222,28,
NA,NA,NA,NA,NA,NA,10,6,NA,NA,"testing optuna for PS xgb model",1039,22,
NA,NA,NA,NA,NA,NA,15,6,NA,NA,"testing optuna for PS xgb model",1116,15,
NA,NA,NA,NA,NA,NA,10,6,NA,NA,"testing optuna for PS xgb model",918,18,
NA,NA,NA,NA,NA,NA,10,5,NA,NA,"testing optuna for PS xgb model",1278,21,
NA,NA,NA,NA,NA,NA,20,6,NA,NA,"testing optuna for PS xgb model",1064,20,
NA,NA,NA,NA,NA,NA,15,6,NA,NA,"testing optuna for PS xgb model",970,22,
NA,NA,NA,NA,NA,NA,10,6,NA,NA,"testing optuna for PS xgb model",1181,24,
NA,NA,NA,NA,NA,NA,25,5,NA,NA,"testing optuna for PS xgb model",852,19,
NA,NA,NA,NA,NA,NA,15,6,NA,NA,"testing optuna for PS xgb model",1034,22,
NA,NA,NA,NA,NA,NA,10,7,NA,NA,"testing optuna for PS xgb model",737,17,
NA,NA,NA,NA,NA,NA,20,6,NA,NA,"testing optuna for PS xgb model",910,23,
NA,NA,NA,NA,NA,NA,15,6,NA,NA,"testing optuna for PS xgb model",784,21,
NA,NA,NA,NA,NA,NA,10,6,NA,NA,"testing optuna for PS xgb model",1172,25,
NA,NA,NA,NA,NA,NA,100,9,NA,NA,"testing optuna for PS xgb model",966,19,
NA,NA,NA,NA,NA,NA,15,6,NA,NA,"testing optuna for PS xgb model",1079,24,
NA,NA,NA,NA,NA,NA,10,6,NA,NA,"testing optuna for PS xgb model",1303,20,
NA,NA,NA,NA,NA,NA,10,6,NA,NA,"testing optuna for PS xgb model",117,16,
NA,NA,NA,NA,NA,NA,20,6,NA,NA,"testing optuna for PS xgb model",864,22,
NA,NA,NA,NA,NA,NA,15,6,NA,NA,"testing optuna for PS xgb model",1010,25,
NA,NA,NA,NA,NA,NA,10,7,NA,NA,"testing optuna for PS xgb model",1126,18,
NA,NA,NA,NA,NA,NA,15,9,NA,NA,"testing optuna for PS xgb model",909,26,
NA,NA,NA,NA,NA,NA,45,6,NA,NA,"testing optuna for PS xgb model",807,21,
NA,NA,NA,NA,NA,NA,30,6,NA,NA,"testing optuna for PS xgb model",1230,8,
NA,NA,NA,NA,NA,NA,10,6,NA,NA,"testing optuna for PS xgb model",1034,5,
NA,NA,NA,NA,NA,NA,15,8,NA,NA,"testing optuna for PS xgb model",936,23,
NA,NA,NA,NA,NA,NA,75,5,NA,NA,"testing optuna for PS xgb model",662,28,
NA,NA,NA,NA,NA,NA,25,4,NA,NA,"testing optuna for PS xgb model",579,20,
NA,NA,NA,NA,NA,NA,10,9,NA,NA,"testing optuna for PS xgb model",1103,25,
NA,NA,NA,NA,NA,NA,55,6,NA,NA,"testing optuna for PS xgb model",1377,23,
NA,NA,NA,NA,NA,NA,15,6,NA,NA,"testing optuna for PS xgb model",850,19,
NA,NA,NA,NA,NA,NA,20,6,NA,NA,"testing optuna for PS xgb model",966,17,
NA,NA,NA,NA,NA,NA,10,6,NA,NA,"testing optuna for PS xgb model",1160,28,
NA,NA,NA,NA,NA,NA,10,9,NA,NA,"testing optuna for PS xgb model",1052,22,
NA,NA,NA,NA,NA,NA,20,6,NA,NA,"testing optuna for PS xgb model",486,13,
NA,NA,NA,NA,NA,NA,15,5,NA,NA,"testing optuna for PS xgb model",754,24,
NA,NA,NA,NA,NA,NA,10,6,NA,NA,"testing optuna for PS xgb model",1253,26,
NA,NA,NA,NA,NA,NA,15,6,NA,NA,"testing optuna for PS xgb model",1000,15,
NA,NA,NA,NA,NA,NA,10,9,NA,NA,"testing optuna for PS xgb model",25,21,
NA,NA,NA,NA,NA,NA,10,6,NA,NA,"testing optuna for PS xgb model",887,18,
NA,NA,NA,NA,NA,NA,20,6,NA,NA,"testing optuna for PS xgb model",1116,28,
NA,NA,NA,NA,NA,NA,15,6,NA,NA,"testing optuna for PS xgb model",146,24,
NA,NA,NA,NA,NA,NA,15,4,NA,NA,"testing optuna for PS xgb model",825,21,
NA,NA,NA,NA,NA,NA,10,9,NA,NA,"testing optuna for PS xgb model",969,27,
NA,NA,NA,NA,NA,NA,15,9,NA,NA,"testing optuna for PS xgb model",1023,26,
NA,NA,NA,NA,NA,NA,20,9,NA,NA,"testing optuna for PS xgb model",1210,23,
NA,NA,NA,NA,NA,NA,10,9,NA,NA,"testing optuna for PS xgb model",1091,27,
NA,NA,NA,NA,NA,NA,10,9,NA,NA,"testing optuna for PS xgb model",372,24,
NA,NA,NA,NA,NA,NA,40,9,NA,NA,"testing optuna for PS xgb model",962,20,
NA,NA,NA,NA,NA,NA,15,9,NA,NA,"testing optuna for PS xgb model",1133,29,
NA,NA,NA,NA,NA,NA,10,9,NA,NA,"testing optuna for PS xgb model",1026,25,
NA,NA,NA,NA,NA,NA,10,9,NA,NA,"testing optuna for PS xgb model",1225,26,
NA,NA,NA,NA,NA,NA,25,9,NA,NA,"testing optuna for PS xgb model",1041,28,
NA,NA,NA,NA,NA,NA,15,9,NA,NA,"testing optuna for PS xgb model",1308,26,
NA,NA,NA,NA,NA,NA,70,9,NA,NA,"testing optuna for PS xgb model",1153,31,
NA,NA,NA,NA,NA,NA,10,9,NA,NA,"testing optuna for PS xgb model",1057,25,
NA,NA,NA,NA,NA,NA,10,9,NA,NA,"testing optuna for PS xgb model",1002,29,
NA,NA,NA,NA,NA,NA,20,9,NA,NA,"testing optuna for PS xgb model",1070,26,
NA,NA,NA,NA,NA,NA,15,9,NA,NA,"testing optuna for PS xgb model",1221,30,
NA,NA,NA,NA,NA,NA,10,9,NA,NA,"testing optuna for PS xgb model",925,25,
NA,NA,NA,NA,NA,NA,10,9,NA,NA,"testing optuna for PS xgb model",1137,23,
NA,NA,NA,NA,NA,NA,20,9,NA,NA,"testing optuna for PS xgb model",997,29,
NA,NA,NA,NA,NA,NA,10,9,NA,NA,"testing optuna for PS xgb model",1087,23,
NA,NA,NA,NA,NA,NA,15,9,NA,NA,"testing optuna for PS xgb model",960,27,
NA,NA,NA,NA,NA,NA,10,9,NA,NA,"testing optuna for PS xgb model",1045,32,
NA,NA,NA,NA,NA,NA,15,9,NA,NA,"testing optuna for PS xgb model",931,25,
NA,NA,NA,NA,NA,NA,60,9,NA,NA,"testing optuna for PS xgb model",1107,24,
NA,NA,NA,NA,NA,NA,15,9,NA,NA,"testing optuna for PS xgb model",886,28,
NA,NA,NA,NA,NA,NA,10,9,NA,NA,"testing optuna for PS xgb model",994,23,
NA,NA,NA,NA,NA,NA,10,9,NA,NA,"testing optuna for PS xgb model",1159,25,
NA,NA,NA,NA,NA,NA,15,9,NA,NA,"testing optuna for PS xgb model",91,28,
NA,NA,NA,NA,NA,NA,25,9,NA,NA,"testing optuna for PS xgb model",78,32,
NA,NA,NA,NA,NA,NA,20,9,NA,NA,"testing optuna for PS xgb model",1014,23,
NA,NA,NA,NA,NA,NA,10,9,NA,NA,"testing optuna for PS xgb model",315,26,
NA,NA,NA,NA,NA,NA,15,9,NA,NA,"testing optuna for PS xgb model",1115,22,
NA,NA,NA,NA,NA,NA,10,9,NA,NA,"testing optuna for PS xgb model",980,30,
NA,NA,NA,NA,NA,NA,20,9,NA,NA,"testing optuna for PS xgb model",1053,24,
NA,NA,NA,NA,NA,NA,10,9,NA,NA,"testing optuna for PS xgb model",905,27,
NA,NA,NA,NA,NA,NA,10,9,NA,NA,"testing optuna for PS xgb model",1147,22,
NA,NA,NA,NA,NA,NA,15,9,NA,NA,"testing optuna for PS xgb model",1007,24,
NA,NA,NA,NA,NA,NA,20,9,NA,NA,"testing optuna for PS xgb model",1193,20,
NA,NA,NA,NA,NA,NA,10,9,NA,NA,"testing optuna for PS xgb model",912,30,
NA,NA,NA,NA,NA,NA,15,9,NA,NA,"testing optuna for PS xgb model",1077,26,
NA,NA,NA,NA,NA,NA,165,9,NA,NA,"testing optuna for PS xgb model",968,22,
NA,NA,NA,NA,NA,NA,50,9,NA,NA,"testing optuna for PS xgb model",877,33,
NA,NA,NA,NA,NA,NA,10,9,NA,NA,"testing optuna for PS xgb model",1044,28,
NA,NA,NA,NA,NA,NA,15,9,NA,NA,"testing optuna for PS xgb model",43,24,
NA,NA,NA,NA,NA,NA,80,9,NA,NA,"testing optuna for PS xgb model",1168,20,
NA,NA,NA,NA,NA,NA,10,8,NA,NA,"testing optuna for PS xgb model",811,26,
NA,NA,NA,NA,NA,NA,15,9,NA,NA,"testing optuna for PS xgb model",937,22,
NA,NA,NA,NA,NA,NA,20,9,NA,NA,"testing optuna for PS xgb model",1087,19,
NA,NA,NA,NA,NA,NA,10,9,NA,NA,"testing optuna for PS xgb model",1259,30,
NA,NA,NA,NA,NA,NA,30,9,NA,NA,"testing optuna for PS xgb model",1013,25,
NA,NA,NA,NA,NA,NA,10,9,NA,NA,"testing optuna for PS xgb model",860,9,
NA,NA,NA,NA,NA,NA,15,9,NA,NA,"testing optuna for PS xgb model",1149,21,
NA,NA,NA,NA,NA,NA,25,8,NA,NA,"testing optuna for PS xgb model",250,28,
NA,NA,NA,NA,NA,NA,15,9,NA,NA,"testing optuna for PS xgb model",960,5,
NA,NA,NA,NA,NA,NA,10,9,NA,NA,"testing optuna for PS xgb model",425,23,
NA,NA,NA,NA,NA,NA,20,9,NA,NA,"testing optuna for PS xgb model",1064,10,
NA,NA,NA,NA,NA,NA,10,9,NA,NA,"testing optuna for PS xgb model",1210,32,
NA,NA,NA,NA,NA,NA,15,9,NA,NA,"testing optuna for PS xgb model",910,24,
NA,NA,NA,NA,NA,NA,10,9,NA,NA,"testing optuna for PS xgb model",798,27,
NA,NA,NA,NA,NA,NA,35,9,NA,NA,"testing optuna for PS xgb model",712,34,
NA,NA,NA,NA,NA,NA,20,9,NA,NA,"testing optuna for PS xgb model",736,28,
NA,NA,NA,NA,NA,NA,10,9,NA,NA,"testing optuna for PS xgb model",829,30,
NA,NA,NA,NA,NA,NA,15,9,NA,NA,"testing optuna for PS xgb model",809,27,
NA,NA,NA,NA,NA,NA,10,8,NA,NA,"testing optuna for PS xgb model",633,19,
NA,NA,NA,NA,NA,NA,95,9,NA,NA,"testing optuna for PS xgb model",715,6,
NA,NA,NA,NA,NA,NA,15,9,NA,NA,"testing optuna for PS xgb model",760,33,
NA,NA,NA,NA,NA,NA,130,9,NA,NA,"testing optuna for PS xgb model",781,21,
NA,NA,NA,NA,NA,NA,15,9,NA,NA,"testing optuna for PS xgb model",537,23,
NA,NA,NA,NA,NA,NA,10,9,NA,NA,"testing optuna for PS xgb model",798,30,
NA,NA,NA,NA,NA,NA,10,9,NA,NA,"testing optuna for PS xgb model",843,26,
NA,NA,NA,NA,NA,NA,20,9,NA,NA,"testing optuna for PS xgb model",725,17,
NA,NA,NA,NA,NA,NA,10,3,NA,NA,"testing optuna for PS xgb model",865,22,
NA,NA,NA,NA,NA,NA,15,9,NA,NA,"testing optuna for PS xgb model",799,29,
NA,NA,NA,NA,NA,NA,15,9,NA,NA,"testing optuna for PS xgb model",685,25,
NA,NA,NA,NA,NA,NA,125,8,NA,NA,"testing optuna for PS xgb model",880,20,
NA,NA,NA,NA,NA,NA,10,9,NA,NA,"testing optuna for PS xgb model",934,27,
NA,NA,NA,NA,NA,NA,10,9,NA,NA,"testing optuna for PS xgb model",794,34,
NA,NA,NA,NA,NA,NA,65,9,NA,NA,"testing optuna for PS xgb model",901,30,
NA,NA,NA,NA,NA,NA,105,9,NA,NA,"testing optuna for PS xgb model",845,28,
NA,NA,NA,NA,NA,NA,20,9,NA,NA,"testing optuna for PS xgb model",920,32,
NA,NA,NA,NA,NA,NA,25,9,NA,NA,"testing optuna for PS xgb model",751,27,
NA,NA,NA,NA,NA,NA,55,9,NA,NA,"testing optuna for PS xgb model",954,27,
NA,NA,NA,NA,NA,NA,15,9,NA,NA,"testing optuna for PS xgb model",598,31,
NA,NA,NA,NA,NA,NA,10,9,NA,NA,"testing optuna for PS xgb model",845,25,
NA,NA,NA,NA,NA,NA,15,9,NA,NA,"testing optuna for PS xgb model",644,36,
NA,NA,NA,NA,NA,NA,10,9,NA,NA,"testing optuna for PS xgb model",965,28,
NA,NA,NA,NA,NA,NA,15,4,NA,NA,"testing optuna for PS xgb model",883,24,
NA,NA,NA,NA,NA,NA,10,9,NA,NA,"testing optuna for PS xgb model",787,32,
NA,NA,NA,NA,NA,NA,20,8,NA,NA,"testing optuna for PS xgb model",967,22,
NA,NA,NA,NA,NA,NA,10,8,NA,NA,"testing optuna for PS xgb model",670,60,
NA,NA,NA,NA,NA,NA,15,9,NA,NA,"testing optuna for PS xgb model",917,25,
NA,NA,NA,NA,NA,NA,10,9,NA,NA,"testing optuna for PS xgb model",996,29,
NA,NA,NA,NA,NA,NA,15,5,NA,NA,"testing optuna for PS xgb model",845,18,
NA,NA,NA,NA,NA,NA,30,9,NA,NA,"testing optuna for PS xgb model",218,26,
NA,NA,NA,NA,NA,NA,10,9,NA,NA,"testing optuna for PS xgb model",993,21,
NA,NA,NA,NA,NA,NA,45,7,NA,NA,"testing optuna for PS xgb model",798,24,
NA,NA,NA,NA,NA,NA,20,9,NA,NA,"testing optuna for PS xgb model",928,34,
NA,NA,NA,NA,NA,NA,20,9,NA,NA,"testing optuna for PS xgb model",742,28,
NA,NA,NA,NA,NA,NA,10,9,NA,NA,"testing optuna for PS xgb model",1024,1,
NA,NA,NA,NA,NA,NA,15,5,NA,NA,"testing optuna for PS xgb model",868,20,
NA,NA,NA,NA,NA,NA,10,3,NA,NA,"testing optuna for PS xgb model",912,93,
NA,NA,NA,NA,NA,NA,15,4,NA,NA,"testing optuna for PS xgb model",501,23,
NA,NA,NA,NA,NA,NA,10,9,NA,NA,"testing optuna for PS xgb model",1010,26,
NA,NA,NA,NA,NA,NA,25,9,NA,NA,"testing optuna for PS xgb model",1061,22,
NA,NA,NA,NA,NA,NA,15,9,NA,NA,"testing optuna for PS xgb model",1088,19,
NA,NA,NA,NA,NA,NA,10,7,NA,NA,"testing optuna for PS xgb model",977,25,
NA,NA,NA,NA,NA,NA,20,8,NA,NA,"testing optuna for PS xgb model",1014,32,
NA,NA,NA,NA,NA,NA,10,7,NA,NA,"testing optuna for PS xgb model",1135,30,
NA,NA,NA,NA,NA,NA,15,8,NA,NA,"testing optuna for PS xgb model",1041,26,
NA,NA,NA,NA,NA,NA,85,7,NA,NA,"testing optuna for PS xgb model",1267,25,
NA,NA,NA,NA,NA,NA,10,8,NA,NA,"testing optuna for PS xgb model",1119,29,
NA,NA,NA,NA,NA,NA,20,8,NA,NA,"testing optuna for PS xgb model",1008,3,
NA,NA,NA,NA,NA,NA,10,4,NA,NA,"testing optuna for PS xgb model",1212,25,
NA,NA,NA,NA,NA,NA,15,7,NA,NA,"testing optuna for PS xgb model",1008,22,
NA,NA,NA,NA,NA,NA,10,9,NA,NA,"testing optuna for PS xgb model",1085,27,
NA,NA,NA,NA,NA,NA,15,9,NA,NA,"testing optuna for PS xgb model",30,24,
NA,NA,NA,NA,NA,NA,10,4,NA,NA,"testing optuna for PS xgb model",1172,30,
NA,NA,NA,NA,NA,NA,15,5,NA,NA,"testing optuna for PS xgb model",955,21,
NA,NA,NA,NA,NA,NA,10,9,NA,NA,"testing optuna for PS xgb model",998,36,
NA,NA,NA,NA,NA,NA,20,9,NA,NA,"testing optuna for PS xgb model",1094,17,
NA,NA,NA,NA,NA,NA,10,3,NA,NA,"testing optuna for PS xgb model",1290,27,
NA,NA,NA,NA,NA,NA,15,7,NA,NA,"testing optuna for PS xgb model",945,23,
NA,NA,NA,NA,NA,NA,40,9,NA,NA,"testing optuna for PS xgb model",1066,20,
NA,NA,NA,NA,NA,NA,15,5,NA,NA,"testing optuna for PS xgb model",845,25,
NA,NA,NA,NA,NA,NA,10,9,NA,NA,"testing optuna for PS xgb model",1189,30,
NA,NA,NA,NA,NA,NA,10,9,NA,NA,"testing optuna for PS xgb model",955,33,
NA,NA,NA,NA,NA,NA,20,9,NA,NA,"testing optuna for PS xgb model",22,11,
NA,NA,NA,NA,NA,NA,90,8,NA,NA,"testing optuna for PS xgb model",401,23,
NA,NA,NA,NA,NA,NA,15,9,NA,NA,"testing optuna for PS xgb model",461,19,
NA,NA,NA,NA,NA,NA,10,9,NA,NA,"testing optuna for PS xgb model",342,27,
NA,NA,NA,NA,NA,NA,15,9,NA,NA,"testing optuna for PS xgb model",1126,14,
NA,NA,NA,NA,NA,NA,110,5,NA,NA,"testing optuna for PS xgb model",880,21,
NA,NA,NA,NA,NA,NA,25,9,NA,NA,"testing optuna for PS xgb model",1003,25,
NA,NA,NA,NA,NA,NA,20,9,NA,NA,"testing optuna for PS xgb model",1281,29,
NA,NA,NA,NA,NA,NA,155,8,NA,NA,"testing optuna for PS xgb model",1381,23,
NA,NA,NA,NA,NA,NA,10,5,NA,NA,"testing optuna for PS xgb model",1049,18,
NA,NA,NA,NA,NA,NA,15,7,NA,NA,"testing optuna for PS xgb model",921,26,
NA,NA,NA,NA,NA,NA,10,9,NA,NA,"testing optuna for PS xgb model",810,21,
NA,NA,NA,NA,NA,NA,10,9,NA,NA,"testing optuna for PS xgb model",20,32,
NA,NA,NA,NA,NA,NA,15,9,NA,NA,"testing optuna for PS xgb model",1158,16,
NA,NA,NA,NA,NA,NA,10,9,NA,NA,"testing optuna for PS xgb model",1004,24,
NA,NA,NA,NA,NA,NA,20,7,NA,NA,"testing optuna for PS xgb model",900,38,
NA,NA,NA,NA,NA,NA,10,9,NA,NA,"testing optuna for PS xgb model",711,28,
NA,NA,NA,NA,NA,NA,15,4,NA,NA,"testing optuna for PS xgb model",1147,7,
NA,NA,NA,NA,NA,NA,15,5,NA,NA,"testing optuna for PS xgb model",1046,21,
NA,NA,NA,NA,NA,NA,20,9,NA,NA,"testing optuna for PS xgb model",838,24,
NA,NA,NA,NA,NA,NA,10,9,NA,NA,"testing optuna for PS xgb model",964,27,
NA,NA,NA,NA,NA,NA,25,5,NA,NA,"testing optuna for PS xgb model",1100,4,
NA,NA,NA,NA,NA,NA,15,9,NA,NA,"testing optuna for PS xgb model",563,30,
NA,NA,NA,NA,NA,NA,10,9,NA,NA,"testing optuna for PS xgb model",763,19,
NA,NA,NA,NA,NA,NA,10,9,NA,NA,"testing optuna for PS xgb model",1245,23,
NA,NA,NA,NA,NA,NA,15,9,NA,NA,"testing optuna for PS xgb model",923,34,
NA,NA,NA,NA,NA,NA,75,7,NA,NA,"testing optuna for PS xgb model",1030,22,
NA,NA,NA,NA,NA,NA,105,9,NA,NA,"testing optuna for PS xgb model",869,26,
NA,NA,NA,NA,NA,NA,10,8,NA,NA,"testing optuna for PS xgb model",1175,20,
NA,NA,NA,NA,NA,NA,20,9,NA,NA,"testing optuna for PS xgb model",976,30,
NA,NA,NA,NA,NA,NA,15,9,NA,NA,"testing optuna for PS xgb model",1066,25,
NA,NA,NA,NA,NA,NA,10,3,NA,NA,"testing optuna for PS xgb model",829,17,
NA,NA,NA,NA,NA,NA,25,8,NA,NA,"testing optuna for PS xgb model",1222,22,
NA,NA,NA,NA,NA,NA,15,5,NA,NA,"testing optuna for PS xgb model",58,27,
NA,NA,NA,NA,NA,NA,15,9,NA,NA,"testing optuna for PS xgb model",964,24,
NA,NA,NA,NA,NA,NA,10,7,NA,NA,"testing optuna for PS xgb model",292,20,
NA,NA,NA,NA,NA,NA,20,9,NA,NA,"testing optuna for PS xgb model",1110,29,
NA,NA,NA,NA,NA,NA,35,4,NA,NA,"testing optuna for PS xgb model",905,25,
NA,NA,NA,NA,NA,NA,10,9,NA,NA,"testing optuna for PS xgb model",771,34,
NA,NA,NA,NA,NA,NA,10,9,NA,NA,"testing optuna for PS xgb model",1032,2,
NA,NA,NA,NA,NA,NA,120,5,NA,NA,"testing optuna for PS xgb model",1297,22,
NA,NA,NA,NA,NA,NA,10,9,NA,NA,"testing optuna for PS xgb model",880,19,
NA,NA,NA,NA,NA,NA,15,10,NA,NA,"testing optuna for PS xgb model",1090,27,
NA,NA,NA,NA,NA,NA,20,9,NA,NA,"testing optuna for PS xgb model",704,23,
NA,NA,NA,NA,NA,NA,10,6,NA,NA,"testing optuna for PS xgb model",965,31,
NA,NA,NA,NA,NA,NA,15,8,NA,NA,"testing optuna for PS xgb model",1203,25,
NA,NA,NA,NA,NA,NA,15,9,NA,NA,"testing optuna for PS xgb model",630,18,
NA,NA,NA,NA,NA,NA,10,6,NA,NA,"testing optuna for PS xgb model",795,21,
NA,NA,NA,NA,NA,NA,10,7,NA,NA,"testing optuna for PS xgb model",1016,15,
NA,NA,NA,NA,NA,NA,70,9,NA,NA,"testing optuna for PS xgb model",1128,28,
NA,NA,NA,NA,NA,NA,15,6,NA,NA,"testing optuna for PS xgb model",900,23,
NA,NA,NA,NA,NA,NA,20,9,NA,NA,"testing optuna for PS xgb model",968,32,
NA,NA,NA,NA,NA,NA,10,6,NA,NA,"testing optuna for PS xgb model",63,26,
NA,NA,NA,NA,NA,NA,15,9,NA,NA,"testing optuna for PS xgb model",1094,37,
NA,NA,NA,NA,NA,NA,10,10,NA,NA,"testing optuna for PS xgb model",836,20,
NA,NA,NA,NA,NA,NA,15,4,NA,NA,"testing optuna for PS xgb model",1205,24,
NA,NA,NA,NA,NA,NA,20,6,NA,NA,"testing optuna for PS xgb model",1381,28,
NA,NA,NA,NA,NA,NA,10,8,NA,NA,"testing optuna for PS xgb model",1018,23,
NA,NA,NA,NA,NA,NA,10,3,NA,NA,"testing optuna for PS xgb model",900,18,
NA,NA,NA,NA,NA,NA,20,5,NA,NA,"testing optuna for PS xgb model",984,21,
NA,NA,NA,NA,NA,NA,15,9,NA,NA,"testing optuna for PS xgb model",1124,27,
NA,NA,NA,NA,NA,NA,55,6,NA,NA,"testing optuna for PS xgb model",807,32,
NA,NA,NA,NA,NA,NA,10,9,NA,NA,"testing optuna for PS xgb model",935,25,
NA,NA,NA,NA,NA,NA,15,6,NA,NA,"testing optuna for PS xgb model",667,29,
NA,NA,NA,NA,NA,NA,10,10,NA,NA,"testing optuna for PS xgb model",1085,22,
NA,NA,NA,NA,NA,NA,25,6,NA,NA,"testing optuna for PS xgb model",1266,16,
NA,NA,NA,NA,NA,NA,15,9,NA,NA,"testing optuna for PS xgb model",871,19,
NA,NA,NA,NA,NA,NA,15,9,NA,NA,"testing optuna for PS xgb model",752,25,
NA,NA,NA,NA,NA,NA,80,6,NA,NA,"testing optuna for PS xgb model",1035,12,
NA,NA,NA,NA,NA,NA,10,6,NA,NA,"testing optuna for PS xgb model",1185,21,
NA,NA,NA,NA,NA,NA,10,9,NA,NA,"testing optuna for PS xgb model",951,29,
NA,NA,NA,NA,NA,NA,10,6,NA,NA,"testing optuna for PS xgb model",1038,23,
NA,NA,NA,NA,NA,NA,20,7,NA,NA,"testing optuna for PS xgb model",897,26,
NA,NA,NA,NA,NA,NA,15,9,NA,NA,"testing optuna for PS xgb model",815,33,
NA,NA,NA,NA,NA,NA,10,10,NA,NA,"testing optuna for PS xgb model",1145,21,
NA,NA,NA,NA,NA,NA,150,6,NA,NA,"testing optuna for PS xgb model",973,24,
NA,NA,NA,NA,NA,NA,50,9,NA,NA,"testing optuna for PS xgb model",1095,30,
NA,NA,NA,NA,NA,NA,30,4,NA,NA,"testing optuna for PS xgb model",1267,18,
NA,NA,NA,NA,NA,NA,15,6,NA,NA,"testing optuna for PS xgb model",368,27,
NA,NA,NA,NA,NA,NA,20,9,NA,NA,"testing optuna for PS xgb model",853,20,
